,날짜,PER,PBR,EPS,BPS,DIV,DPS
2242,2025-02-21,68.26,1.53,3135,140052,0.0,0
2241,2025-02-20,69.38,1.55,3135,140052,0.0,0
2240,2025-02-19,76.24,1.71,3135,140052,0.0,0
2239,2025-02-18,74.16,1.66,3135,140052,0.0,0
2238,2025-02-17,71.93,1.61,3135,140052,0.0,0
2237,2025-02-14,71.93,1.61,3135,140052,0.0,0
2236,2025-02-13,75.44,1.69,3135,140052,0.0,0
2235,2025-02-12,74.64,1.67,3135,140052,0.0,0
2234,2025-02-11,70.65,1.58,3135,140052,0.0,0
2233,2025-02-10,69.7,1.56,3135,140052,0.0,0
2232,2025-02-07,71.93,1.61,3135,140052,0.0,0
2231,2025-02-06,72.73,1.63,3135,140052,0.0,0
2230,2025-02-05,71.93,1.61,3135,140052,0.0,0
2229,2025-02-04,74.0,1.66,3135,140052,0.0,0
2228,2025-02-03,72.09,1.61,3135,140052,0.0,0
2227,2025-01-31,74.0,1.66,3135,140052,0.0,0
2226,2025-01-24,72.89,1.63,3135,140052,0.0,0
2225,2025-01-23,72.09,1.61,3135,140052,0.0,0
2224,2025-01-22,76.87,1.72,3135,140052,0.0,0
2223,2025-01-21,79.27,1.77,3135,140052,0.0,0
2222,2025-01-20,77.83,1.74,3135,140052,0.0,0
2221,2025-01-17,77.67,1.74,3135,140052,0.0,0
2220,2025-01-16,77.67,1.74,3135,140052,0.0,0
2219,2025-01-15,77.67,1.74,3135,140052,0.0,0
2218,2025-01-14,75.28,1.69,3135,140052,0.0,0
2217,2025-01-13,74.96,1.68,3135,140052,0.0,0
2216,2025-01-10,76.56,1.71,3135,140052,0.0,0
2215,2025-01-09,76.56,1.71,3135,140052,0.0,0
2214,2025-01-08,74.96,1.68,3135,140052,0.0,0
2213,2025-01-07,73.68,1.65,3135,140052,0.0,0
2212,2025-01-06,71.77,1.61,3135,140052,0.0,0
2211,2025-01-03,71.13,1.59,3135,140052,0.0,0
2210,2025-01-02,73.68,1.65,3135,140052,0.0,0
2209,2024-12-30,72.73,1.63,3135,140052,0.0,0
2208,2024-12-27,73.68,1.65,3135,140052,0.0,0
2207,2024-12-26,75.12,1.68,3135,140052,0.0,0
2206,2024-12-24,72.09,1.61,3135,140052,0.0,0
2205,2024-12-23,73.37,1.64,3135,140052,0.0,0
2204,2024-12-20,67.78,1.52,3135,140052,0.0,0
2203,2024-12-19,68.42,1.53,3135,140052,0.0,0
2202,2024-12-18,66.83,1.5,3135,140052,0.0,0
2201,2024-12-17,66.51,1.49,3135,140052,0.0,0
2200,2024-12-16,66.19,1.48,3135,140052,0.0,0
2199,2024-12-13,66.99,1.5,3135,140052,0.0,0
2198,2024-12-12,66.99,1.5,3135,140052,0.0,0
2197,2024-12-11,67.3,1.51,3135,140052,0.0,0
2196,2024-12-10,62.52,1.4,3135,140052,0.0,0
2195,2024-12-09,59.94,1.34,3135,140052,0.0,0
2194,2024-12-06,60.38,1.35,3135,140052,0.0,0
2193,2024-12-05,61.95,1.39,3135,140052,0.0,0
2192,2024-12-04,62.2,1.39,3135,140052,0.0,0
2191,2024-12-03,62.9,1.41,3135,140052,0.0,0
2190,2024-12-02,62.36,1.4,3135,140052,0.0,0
2189,2024-11-29,65.23,1.46,3135,140052,0.0,0
2188,2024-11-28,67.46,1.51,3135,140052,0.0,0
2187,2024-11-27,67.78,1.52,3135,140052,0.0,0
2186,2024-11-26,68.9,1.54,3135,140052,0.0,0
2185,2024-11-25,69.06,1.55,3135,140052,0.0,0
2184,2024-11-22,64.27,1.44,3135,140052,0.0,0
2183,2024-11-21,63.25,1.42,3135,140052,0.0,0
2182,2024-11-20,65.07,1.46,3135,140052,0.0,0
2181,2024-11-19,63.54,1.42,3135,140052,0.0,0
2180,2024-11-18,62.01,1.39,3135,140052,0.0,0
2179,2024-11-15,60.48,1.35,3135,140052,0.0,0
2178,2024-11-14,61.53,1.38,3135,140052,0.0,0
2177,2024-11-13,59.2,1.33,3135,140052,0.0,0
2176,2024-11-12,59.87,1.34,3135,140052,0.0,0
2175,2024-11-11,61.85,1.38,3135,140052,0.0,0
2174,2024-11-08,61.88,1.39,3135,140052,0.0,0
2173,2024-11-07,62.84,1.41,3135,140052,0.0,0
2172,2024-11-06,59.27,1.33,3135,140052,0.0,0
2171,2024-11-05,57.96,1.3,3135,140052,0.0,0
2170,2024-11-04,57.64,1.29,3135,140052,0.0,0
2169,2024-11-01,57.42,1.29,3135,140052,0.0,0
2168,2024-10-31,58.5,1.31,3135,140052,0.0,0
2167,2024-10-30,59.59,1.33,3135,140052,0.0,0
2166,2024-10-29,60.0,1.34,3135,140052,0.0,0
2165,2024-10-28,60.77,1.36,3135,140052,0.0,0
2164,2024-10-25,63.76,1.43,3135,140052,0.0,0
2163,2024-10-24,62.46,1.4,3135,140052,0.0,0
2162,2024-10-23,62.78,1.41,3135,140052,0.0,0
2161,2024-10-22,62.17,1.39,3135,140052,0.0,0
2160,2024-10-21,62.78,1.41,3135,140052,0.0,0
2159,2024-10-18,62.2,1.39,3135,140052,0.0,0
2158,2024-10-17,62.9,1.41,3135,140052,0.0,0
2157,2024-10-16,61.53,1.38,3135,140052,0.0,0
2156,2024-10-15,62.23,1.39,3135,140052,0.0,0
2155,2024-10-14,59.9,1.34,3135,140052,0.0,0
2154,2024-10-11,59.07,1.32,3135,140052,0.0,0
2153,2024-10-10,60.77,1.36,3135,140052,0.0,0
2152,2024-10-08,59.01,1.32,3135,140052,0.0,0
2151,2024-10-07,58.69,1.31,3135,140052,0.0,0
2150,2024-10-04,59.27,1.33,3135,140052,0.0,0
2149,2024-10-02,58.47,1.31,3135,140052,0.0,0
2148,2024-09-30,59.87,1.34,3135,140052,0.0,0
2147,2024-09-27,58.85,1.32,3135,140052,0.0,0
2146,2024-09-26,63.48,1.42,3135,140052,0.0,0
2145,2024-09-25,62.81,1.41,3135,140052,0.0,0
2144,2024-09-24,62.52,1.4,3135,140052,0.0,0
2143,2024-09-23,62.04,1.39,3135,140052,0.0,0
2142,2024-09-20,63.25,1.42,3135,140052,0.0,0
2141,2024-09-19,60.93,1.36,3135,140052,0.0,0
2140,2024-09-13,58.37,1.31,3135,140052,0.0,0
2139,2024-09-12,54.8,1.23,3135,140052,0.0,0
2138,2024-09-11,55.63,1.25,3135,140052,0.0,0
2137,2024-09-10,55.22,1.24,3135,140052,0.0,0
2136,2024-09-09,54.42,1.22,3135,140052,0.0,0
2135,2024-09-06,54.39,1.22,3135,140052,0.0,0
2134,2024-09-05,53.59,1.2,3135,140052,0.0,0
2133,2024-09-04,56.08,1.26,3135,140052,0.0,0
2132,2024-09-03,57.64,1.29,3135,140052,0.0,0
2131,2024-09-02,57.58,1.29,3135,140052,0.0,0
2130,2024-08-30,61.05,1.37,3135,140052,0.0,0
2129,2024-08-29,59.07,1.32,3135,140052,0.0,0
2128,2024-08-28,59.55,1.33,3135,140052,0.0,0
2127,2024-08-27,59.46,1.33,3135,140052,0.0,0
2126,2024-08-26,59.01,1.32,3135,140052,0.0,0
2125,2024-08-23,60.54,1.36,3135,140052,0.0,0
2124,2024-08-22,61.18,1.37,3135,140052,0.0,0
2123,2024-08-21,63.7,1.43,3135,140052,0.0,0
2122,2024-08-20,64.59,1.45,3135,140052,0.0,0
2121,2024-08-19,63.57,1.42,3135,140052,0.0,0
2120,2024-08-16,62.74,1.4,3135,140052,0.0,0
2119,2024-08-14,63.03,1.41,3135,140052,0.0,0
2118,2024-08-13,62.42,1.4,3135,140052,0.0,0
2117,2024-08-12,63.51,1.42,3135,140052,0.0,0
2116,2024-08-09,64.43,1.44,3135,140052,0.0,0
2115,2024-08-08,65.55,1.47,3135,140052,0.0,0
2114,2024-08-07,61.24,1.37,3135,140052,0.0,0
2113,2024-08-06,60.7,1.36,3135,140052,0.0,0
2112,2024-08-05,55.12,1.23,3135,140052,0.0,0
2111,2024-08-02,64.75,1.45,3135,140052,0.0,0
2110,2024-08-01,67.94,1.52,3135,140052,0.0,0
2109,2024-07-31,66.03,1.48,3135,140052,0.0,0
2108,2024-07-30,64.11,1.44,3135,140052,0.0,0
2107,2024-07-29,64.75,1.45,3135,140052,0.0,0
2106,2024-07-26,63.41,1.42,3135,140052,0.0,0
2105,2024-07-25,58.63,1.31,3135,140052,0.0,0
2104,2024-07-24,60.29,1.35,3135,140052,0.0,0
2103,2024-07-23,60.51,1.35,3135,140052,0.0,0
2102,2024-07-22,59.52,1.33,3135,140052,0.0,0
2101,2024-07-19,55.53,1.24,3135,140052,0.0,0
2100,2024-07-18,56.49,1.26,3135,140052,0.0,0
2099,2024-07-17,57.16,1.28,3135,140052,0.0,0
2098,2024-07-16,56.87,1.27,3135,140052,0.0,0
2097,2024-07-15,53.84,1.21,3135,140052,0.0,0
2096,2024-07-12,52.85,1.18,3135,140052,0.0,0
2095,2024-07-11,53.3,1.19,3135,140052,0.0,0
2094,2024-07-10,52.34,1.17,3135,140052,0.0,0
2093,2024-07-09,50.94,1.14,3135,140052,0.0,0
2092,2024-07-08,51.04,1.14,3135,140052,0.0,0
2091,2024-07-05,49.67,1.11,3135,140052,0.0,0
2090,2024-07-04,50.94,1.14,3135,140052,0.0,0
2089,2024-07-03,49.98,1.12,3135,140052,0.0,0
2088,2024-07-02,50.14,1.12,3135,140052,0.0,0
2087,2024-07-01,51.0,1.14,3135,140052,0.0,0
2086,2024-06-28,50.65,1.13,3135,140052,0.0,0
2085,2024-06-27,50.24,1.12,3135,140052,0.0,0
2084,2024-06-26,48.01,1.07,3135,140052,0.0,0
2083,2024-06-25,48.42,1.08,3135,140052,0.0,0
2082,2024-06-24,49.22,1.1,3135,140052,0.0,0
2081,2024-06-21,48.36,1.08,3135,140052,0.0,0
2080,2024-06-20,47.81,1.07,3135,140052,0.0,0
2079,2024-06-19,46.48,1.04,3135,140052,0.0,0
2078,2024-06-18,44.21,0.99,3135,140052,0.0,0
2077,2024-06-17,43.92,0.98,3135,140052,0.0,0
2076,2024-06-14,44.31,0.99,3135,140052,0.0,0
2075,2024-06-13,42.42,0.95,3135,140052,0.0,0
2074,2024-06-12,42.55,0.95,3135,140052,0.0,0
2073,2024-06-11,42.65,0.95,3135,140052,0.0,0
2072,2024-06-10,42.97,0.96,3135,140052,0.0,0
2071,2024-06-07,43.06,0.96,3135,140052,0.0,0
2070,2024-06-05,41.72,0.93,3135,140052,0.0,0
2069,2024-06-04,41.69,0.93,3135,140052,0.0,0
2068,2024-06-03,42.36,0.95,3135,140052,0.0,0
2067,2024-05-31,41.59,0.93,3135,140052,0.0,0
2066,2024-05-30,41.72,0.93,3135,140052,0.0,0
2065,2024-05-29,42.84,0.96,3135,140052,0.0,0
2064,2024-05-28,43.19,0.97,3135,140052,0.0,0
2063,2024-05-27,42.84,0.96,3135,140052,0.0,0
2062,2024-05-24,43.19,0.97,3135,140052,0.0,0
2061,2024-05-23,41.05,0.92,3135,140052,0.0,0
2060,2024-05-22,40.93,0.92,3135,140052,0.0,0
2059,2024-05-21,41.85,0.94,3135,140052,0.0,0
2058,2024-05-20,42.07,0.94,3135,140052,0.0,0
2057,2024-05-17,42.9,0.96,3135,140052,0.0,0
2056,2024-05-16,43.92,0.98,3135,140052,0.0,0
2055,2024-05-14,43.35,0.97,3135,140052,0.0,0
2054,2024-05-13,43.48,0.97,3135,140052,0.0,0
2053,2024-05-10,41.44,0.93,3135,140052,0.0,0
2052,2024-05-09,41.31,0.92,3135,140052,0.0,0
2051,2024-05-08,41.72,0.93,3135,140052,0.0,0
2050,2024-05-07,42.26,0.95,3135,140052,0.0,0
2049,2024-05-03,40.93,0.92,3135,140052,0.0,0
2048,2024-05-02,41.31,0.92,3135,140052,0.0,0
2047,2024-04-30,0.0,0.96,0,137382,0.0,0
2046,2024-04-29,0.0,0.97,0,137382,0.0,0
2045,2024-04-26,0.0,0.94,0,137382,0.0,0
2044,2024-04-25,0.0,0.93,0,137382,0.0,0
2043,2024-04-24,0.0,0.94,0,137382,0.0,0
2042,2024-04-23,0.0,0.91,0,137382,0.0,0
2041,2024-04-22,0.0,0.87,0,137382,0.0,0
2040,2024-04-19,0.0,0.87,0,137382,0.0,0
2039,2024-04-18,0.0,0.87,0,137382,0.0,0
2038,2024-04-17,0.0,0.82,0,137382,0.0,0
2037,2024-04-16,0.0,0.81,0,137382,0.0,0
2036,2024-04-15,0.0,0.86,0,137382,0.0,0
2035,2024-04-12,0.0,0.86,0,137382,0.0,0
2034,2024-04-11,0.0,0.85,0,137382,0.0,0
2033,2024-04-09,0.0,0.86,0,137382,0.0,0
2032,2024-04-08,0.0,0.86,0,137382,0.0,0
2031,2024-04-05,0.0,0.87,0,137382,0.0,0
2030,2024-04-04,0.0,0.88,0,137382,0.0,0
2029,2024-04-03,0.0,0.87,0,137382,0.0,0
2028,2024-04-02,0.0,0.87,0,137382,0.0,0
2027,2024-04-01,0.0,0.87,0,137382,0.0,0
2026,2024-03-29,0.0,0.86,0,137382,0.0,0
2025,2024-03-28,0.0,0.87,0,137382,0.0,0
2024,2024-03-27,0.0,0.87,0,137382,0.0,0
2023,2024-03-26,0.0,0.91,0,137382,0.0,0
2022,2024-03-25,0.0,0.91,0,137382,0.0,0
2021,2024-03-22,0.0,0.92,0,137382,0.0,0
2020,2024-03-21,0.0,0.93,0,137382,0.0,0
2019,2024-03-20,0.0,0.93,0,137382,0.0,0
2018,2024-03-19,0.0,0.91,0,137382,0.0,0
2017,2024-03-18,0.0,0.91,0,137382,0.0,0
2016,2024-03-15,0.0,0.9,0,137382,0.0,0
2015,2024-03-14,0.0,0.86,0,137382,0.0,0
2014,2024-03-13,0.0,0.82,0,137382,0.0,0
2013,2024-03-12,0.0,0.83,0,137382,0.0,0
2012,2024-03-11,0.0,0.83,0,137382,0.0,0
2011,2024-03-08,0.0,0.82,0,137382,0.0,0
2010,2024-03-07,0.0,0.83,0,137382,0.0,0
2009,2024-03-06,0.0,0.82,0,137382,0.0,0
2008,2024-03-05,0.0,0.8,0,137382,0.0,0
2007,2024-03-04,0.0,0.78,0,137382,0.0,0
2006,2024-02-29,0.0,0.81,0,137382,0.0,0
2005,2024-02-28,0.0,0.84,0,137382,0.0,0
2004,2024-02-27,0.0,0.83,0,137382,0.0,0
2003,2024-02-26,0.0,0.81,0,137382,0.0,0
2002,2024-02-23,0.0,0.84,0,137382,0.0,0
2001,2024-02-22,0.0,0.85,0,137382,0.0,0
2000,2024-02-21,0.0,0.86,0,137382,0.0,0
1999,2024-02-20,0.0,0.85,0,137382,0.0,0
1998,2024-02-19,0.0,0.87,0,137382,0.0,0
1997,2024-02-16,0.0,0.87,0,137382,0.0,0
1996,2024-02-15,0.0,0.85,0,137382,0.0,0
1995,2024-02-14,0.0,0.83,0,137382,0.0,0
1994,2024-02-13,0.0,0.86,0,137382,0.0,0
1993,2024-02-08,0.0,0.88,0,137382,0.0,0
1992,2024-02-07,0.0,0.88,0,137382,0.0,0
1991,2024-02-06,0.0,0.88,0,137382,0.0,0
1990,2024-02-05,0.0,0.9,0,137382,0.0,0
1989,2024-02-02,0.0,0.87,0,137382,0.0,0
1988,2024-02-01,0.0,0.83,0,137382,0.0,0
1987,2024-01-31,0.0,0.83,0,137382,0.0,0
1986,2024-01-30,0.0,0.81,0,137382,0.0,0
1985,2024-01-29,0.0,0.83,0,137382,0.0,0
1984,2024-01-26,0.0,0.85,0,137382,0.0,0
1983,2024-01-25,0.0,0.84,0,137382,0.0,0
1982,2024-01-24,0.0,0.81,0,137382,0.0,0
1981,2024-01-23,0.0,0.83,0,137382,0.0,0
1980,2024-01-22,0.0,0.83,0,137382,0.0,0
1979,2024-01-19,0.0,0.82,0,137382,0.0,0
1978,2024-01-18,0.0,0.77,0,137382,0.0,0
1977,2024-01-17,0.0,0.76,0,137382,0.0,0
1976,2024-01-16,0.0,0.8,0,137382,0.0,0
1975,2024-01-15,0.0,0.82,0,137382,0.0,0
1974,2024-01-12,0.0,0.79,0,137382,0.0,0
1973,2024-01-11,0.0,0.79,0,137382,0.0,0
1972,2024-01-10,0.0,0.81,0,137382,0.0,0
1971,2024-01-09,0.0,0.81,0,137382,0.0,0
1970,2024-01-08,0.0,0.81,0,137382,0.0,0
1969,2024-01-05,0.0,0.81,0,137382,0.0,0
1968,2024-01-04,0.0,0.82,0,137382,0.0,0
1967,2024-01-03,0.0,0.83,0,137382,0.0,0
1966,2024-01-02,0.0,0.86,0,137382,0.0,0
1965,2023-12-28,0.0,0.88,0,137382,0.0,0
1964,2023-12-27,0.0,0.85,0,137382,0.0,0
1963,2023-12-26,0.0,0.83,0,137382,0.0,0
1962,2023-12-22,0.0,0.82,0,137382,0.0,0
1961,2023-12-21,0.0,0.8,0,137382,0.0,0
1960,2023-12-20,0.0,0.82,0,137382,0.0,0
1959,2023-12-19,0.0,0.81,0,137382,0.0,0
1958,2023-12-18,0.0,0.82,0,137382,0.0,0
1957,2023-12-15,0.0,0.83,0,137382,0.0,0
1956,2023-12-14,0.0,0.83,0,137382,0.0,0
1955,2023-12-13,0.0,0.81,0,137382,0.0,0
1954,2023-12-12,0.0,0.82,0,137382,0.0,0
1953,2023-12-11,0.0,0.78,0,137382,0.0,0
1952,2023-12-08,0.0,0.8,0,137382,0.0,0
1951,2023-12-07,0.0,0.8,0,137382,0.0,0
1950,2023-12-06,0.0,0.8,0,137382,0.0,0
1949,2023-12-05,0.0,0.83,0,137382,0.0,0
1948,2023-12-04,0.0,0.83,0,137382,0.0,0
1947,2023-12-01,0.0,0.81,0,137382,0.0,0
1946,2023-11-30,0.0,0.81,0,137382,0.0,0
1945,2023-11-29,0.0,0.78,0,137382,0.0,0
1944,2023-11-28,0.0,0.79,0,137382,0.0,0
1943,2023-11-27,0.0,0.77,0,137382,0.0,0
1942,2023-11-24,0.0,0.74,0,137382,0.0,0
1941,2023-11-23,0.0,0.75,0,137382,0.0,0
1940,2023-11-22,0.0,0.75,0,137382,0.0,0
1939,2023-11-21,0.0,0.74,0,137382,0.0,0
1938,2023-11-20,0.0,0.73,0,137382,0.0,0
1937,2023-11-17,0.0,0.71,0,137382,0.0,0
1936,2023-11-16,0.0,0.72,0,137382,0.0,0
1935,2023-11-15,0.0,0.72,0,137382,0.0,0
1934,2023-11-14,0.0,0.69,0,137382,0.0,0
1933,2023-11-13,0.0,0.7,0,137382,0.0,0
1932,2023-11-10,0.0,0.71,0,137382,0.0,0
1931,2023-11-09,0.0,0.71,0,137382,0.0,0
1930,2023-11-08,0.0,0.72,0,137382,0.0,0
1929,2023-11-07,0.0,0.74,0,137382,0.0,0
1928,2023-11-06,0.0,0.75,0,137382,0.0,0
1927,2023-11-03,0.0,0.7,0,137382,0.0,0
1926,2023-11-02,0.0,0.68,0,137382,0.0,0
1925,2023-11-01,0.0,0.67,0,137382,0.0,0
1924,2023-10-31,0.0,0.66,0,137382,0.0,0
1923,2023-10-30,0.0,0.68,0,137382,0.0,0
1922,2023-10-27,0.0,0.69,0,137382,0.0,0
1921,2023-10-26,0.0,0.71,0,137382,0.0,0
1920,2023-10-25,0.0,0.72,0,137382,0.0,0
1919,2023-10-24,0.0,0.7,0,137382,0.0,0
1918,2023-10-23,0.0,0.7,0,137382,0.0,0
1917,2023-10-20,0.0,0.7,0,137382,0.0,0
1916,2023-10-19,0.0,0.72,0,137382,0.0,0
1915,2023-10-18,0.0,0.73,0,137382,0.0,0
1914,2023-10-17,0.0,0.74,0,137382,0.0,0
1913,2023-10-16,0.0,0.73,0,137382,0.0,0
1912,2023-10-13,0.0,0.73,0,137382,0.0,0
1911,2023-10-12,0.0,0.75,0,137382,0.0,0
1910,2023-10-11,0.0,0.76,0,137382,0.0,0
1909,2023-10-10,0.0,0.74,0,137382,0.0,0
1908,2023-10-06,0.0,0.73,0,137382,0.0,0
1907,2023-10-05,0.0,0.75,0,137382,0.0,0
1906,2023-10-04,0.0,0.76,0,137382,0.0,0
1905,2023-09-27,0.0,0.81,0,137382,0.0,0
1904,2023-09-26,0.0,0.83,0,137382,0.0,0
1903,2023-09-25,0.0,0.85,0,137382,0.0,0
1902,2023-09-22,0.0,0.84,0,137382,0.0,0
1901,2023-09-21,0.0,0.86,0,137382,0.0,0
1900,2023-09-20,0.0,0.87,0,137382,0.0,0
1899,2023-09-19,0.0,0.88,0,137382,0.0,0
1898,2023-09-18,0.0,0.88,0,137382,0.0,0
1897,2023-09-15,0.0,0.89,0,137382,0.0,0
1896,2023-09-14,0.0,0.87,0,137382,0.0,0
1895,2023-09-13,0.0,0.87,0,137382,0.0,0
1894,2023-09-12,0.0,0.87,0,137382,0.0,0
1893,2023-09-11,0.0,0.88,0,137382,0.0,0
1892,2023-09-08,0.0,0.86,0,137382,0.0,0
1891,2023-09-07,0.0,0.87,0,137382,0.0,0
1890,2023-09-06,0.0,0.87,0,137382,0.0,0
1889,2023-09-05,0.0,0.87,0,137382,0.0,0
1888,2023-09-04,0.0,0.89,0,137382,0.0,0
1887,2023-09-01,0.0,0.88,0,137382,0.0,0
1886,2023-08-31,0.0,0.9,0,137382,0.0,0
1885,2023-08-30,0.0,0.9,0,137382,0.0,0
1884,2023-08-29,0.0,0.9,0,137382,0.0,0
1883,2023-08-28,0.0,0.88,0,137382,0.0,0
1882,2023-08-25,0.0,0.81,0,137382,0.0,0
1881,2023-08-24,0.0,0.82,0,137382,0.0,0
1880,2023-08-23,0.0,0.82,0,137382,0.0,0
1879,2023-08-22,0.0,0.82,0,137382,0.0,0
1878,2023-08-21,0.0,0.82,0,137382,0.0,0
1877,2023-08-18,0.0,0.83,0,137382,0.0,0
1876,2023-08-17,0.0,0.82,0,137382,0.0,0
1875,2023-08-16,0.0,0.83,0,137382,0.0,0
1874,2023-08-14,0.0,0.85,0,137382,0.0,0
1873,2023-08-11,0.0,0.86,0,137382,0.0,0
1872,2023-08-10,0.0,0.87,0,137382,0.0,0
1871,2023-08-09,0.0,0.89,0,137382,0.0,0
1870,2023-08-08,0.0,0.89,0,137382,0.0,0
1869,2023-08-07,0.0,0.88,0,137382,0.0,0
1868,2023-08-04,0.0,0.88,0,137382,0.0,0
1867,2023-08-03,0.0,0.87,0,137382,0.0,0
1866,2023-08-02,0.0,0.89,0,137382,0.0,0
1865,2023-08-01,0.0,0.91,0,137382,0.0,0
1864,2023-07-31,0.0,0.9,0,137382,0.0,0
1863,2023-07-28,0.0,0.9,0,137382,0.0,0
1862,2023-07-27,0.0,0.86,0,137382,0.0,0
1861,2023-07-26,0.0,0.92,0,137382,0.0,0
1860,2023-07-25,0.0,0.93,0,137382,0.0,0
1859,2023-07-24,0.0,0.92,0,137382,0.0,0
1858,2023-07-21,0.0,0.91,0,137382,0.0,0
1857,2023-07-20,0.0,0.91,0,137382,0.0,0
1856,2023-07-19,0.0,0.92,0,137382,0.0,0
1855,2023-07-18,0.0,0.91,0,137382,0.0,0
1854,2023-07-17,0.0,0.93,0,137382,0.0,0
1853,2023-07-14,0.0,0.94,0,137382,0.0,0
1852,2023-07-13,0.0,0.94,0,137382,0.0,0
1851,2023-07-12,0.0,0.93,0,137382,0.0,0
1850,2023-07-11,0.0,0.9,0,137382,0.0,0
1849,2023-07-10,0.0,0.89,0,137382,0.0,0
1848,2023-07-07,0.0,0.88,0,137382,0.0,0
1847,2023-07-06,0.0,0.88,0,137382,0.0,0
1846,2023-07-05,0.0,0.88,0,137382,0.0,0
1845,2023-07-04,0.0,0.87,0,137382,0.0,0
1844,2023-07-03,0.0,0.85,0,137382,0.0,0
1843,2023-06-30,0.0,0.85,0,137382,0.0,0
1842,2023-06-29,0.0,0.83,0,137382,0.0,0
1841,2023-06-28,0.0,0.84,0,137382,0.0,0
1840,2023-06-27,0.0,0.87,0,137382,0.0,0
1839,2023-06-26,0.0,0.85,0,137382,0.0,0
1838,2023-06-23,0.0,0.84,0,137382,0.0,0
1837,2023-06-22,0.0,0.86,0,137382,0.0,0
1836,2023-06-21,0.0,0.88,0,137382,0.0,0
1835,2023-06-20,0.0,0.85,0,137382,0.0,0
1834,2023-06-19,0.0,0.84,0,137382,0.0,0
1833,2023-06-16,0.0,0.83,0,137382,0.0,0
1832,2023-06-15,0.0,0.79,0,137382,0.0,0
1831,2023-06-14,0.0,0.77,0,137382,0.0,0
1830,2023-06-13,0.0,0.76,0,137382,0.0,0
1829,2023-06-12,0.0,0.77,0,137382,0.0,0
1828,2023-06-09,0.0,0.75,0,137382,0.0,0
1827,2023-06-08,0.0,0.76,0,137382,0.0,0
1826,2023-06-07,0.0,0.76,0,137382,0.0,0
1825,2023-06-05,0.0,0.76,0,137382,0.0,0
1824,2023-06-02,0.0,0.72,0,137382,0.0,0
1823,2023-06-01,0.0,0.71,0,137382,0.0,0
1822,2023-05-31,0.0,0.7,0,137382,0.0,0
1821,2023-05-30,0.0,0.71,0,137382,0.0,0
1820,2023-05-26,0.0,0.7,0,137382,0.0,0
1819,2023-05-25,0.0,0.71,0,137382,0.0,0
1818,2023-05-24,0.0,0.72,0,137382,0.0,0
1817,2023-05-23,0.0,0.7,0,137382,0.0,0
1816,2023-05-22,0.0,0.7,0,137382,0.0,0
1815,2023-05-19,0.0,0.66,0,137382,0.0,0
1814,2023-05-18,0.0,0.66,0,137382,0.0,0
1813,2023-05-17,0.0,0.63,0,137382,0.0,0
1812,2023-05-16,0.0,0.63,0,137382,0.0,0
1811,2023-05-15,0.0,0.64,0,137382,0.0,0
1810,2023-05-12,0.0,0.63,0,137382,0.0,0
1809,2023-05-11,0.0,0.64,0,137382,0.0,0
1808,2023-05-10,0.0,0.63,0,137382,0.0,0
1807,2023-05-09,0.0,0.64,0,137382,0.0,0
1806,2023-05-08,0.0,0.61,0,137382,0.0,0
1805,2023-05-04,0.0,0.6,0,137382,0.0,0
1804,2023-05-03,0.0,0.61,0,137382,0.0,0
1803,2023-05-02,0.0,0.61,0,137382,0.0,0
1802,2023-04-28,0.0,0.61,0,139385,0.0,0
1801,2023-04-27,0.0,0.6,0,139385,0.0,0
1800,2023-04-26,0.0,0.62,0,139385,0.0,0
1799,2023-04-25,0.0,0.62,0,139385,0.0,0
1798,2023-04-24,0.0,0.62,0,139385,0.0,0
1797,2023-04-21,0.0,0.61,0,139385,0.0,0
1796,2023-04-20,0.0,0.62,0,139385,0.0,0
1795,2023-04-19,0.0,0.61,0,139385,0.0,0
1794,2023-04-18,0.0,0.6,0,139385,0.0,0
1793,2023-04-17,0.0,0.6,0,139385,0.0,0
1792,2023-04-14,0.0,0.6,0,139385,0.0,0
1791,2023-04-13,0.0,0.58,0,139385,0.0,0
1790,2023-04-12,0.0,0.57,0,139385,0.0,0
1789,2023-04-11,0.0,0.55,0,139385,0.0,0
1788,2023-04-10,0.0,0.55,0,139385,0.0,0
1787,2023-04-07,0.0,0.55,0,139385,0.0,0
1786,2023-04-06,0.0,0.56,0,139385,0.0,0
1785,2023-04-05,0.0,0.56,0,139385,0.0,0
1784,2023-04-04,0.0,0.58,0,139385,0.0,0
1783,2023-04-03,0.0,0.57,0,139385,0.0,0
1782,2023-03-31,0.0,0.56,0,139385,0.0,0
1781,2023-03-30,0.0,0.55,0,139385,0.0,0
1780,2023-03-29,0.0,0.55,0,139385,0.0,0
1779,2023-03-28,0.0,0.55,0,139385,0.0,0
1778,2023-03-27,0.0,0.53,0,139385,0.0,0
1777,2023-03-24,0.0,0.52,0,139385,0.0,0
1776,2023-03-23,0.0,0.53,0,139385,0.0,0
1775,2023-03-22,0.0,0.53,0,139385,0.0,0
1774,2023-03-21,0.0,0.53,0,139385,0.0,0
1773,2023-03-20,0.0,0.52,0,139385,0.0,0
1772,2023-03-17,0.0,0.52,0,139385,0.0,0
1771,2023-03-16,0.0,0.52,0,139385,0.0,0
1770,2023-03-15,0.0,0.53,0,139385,0.0,0
1769,2023-03-14,0.0,0.52,0,139385,0.0,0
1768,2023-03-13,0.0,0.54,0,139385,0.0,0
1767,2023-03-10,0.0,0.54,0,139385,0.0,0
1766,2023-03-09,0.0,0.55,0,139385,0.0,0
1765,2023-03-08,0.0,0.56,0,139385,0.0,0
1764,2023-03-07,0.0,0.57,0,139385,0.0,0
1763,2023-03-06,0.0,0.58,0,139385,0.0,0
1762,2023-03-03,0.0,0.58,0,139385,0.0,0
1761,2023-03-02,0.0,0.6,0,139385,0.0,0
1760,2023-02-28,0.0,0.58,0,139385,0.0,0
1759,2023-02-27,0.0,0.6,0,139385,0.0,0
1758,2023-02-24,0.0,0.61,0,139385,0.0,0
1757,2023-02-23,0.0,0.61,0,139385,0.0,0
1756,2023-02-22,0.0,0.61,0,139385,0.0,0
1755,2023-02-21,0.0,0.61,0,139385,0.0,0
1754,2023-02-20,0.0,0.6,0,139385,0.0,0
1753,2023-02-17,0.0,0.61,0,139385,0.0,0
1752,2023-02-16,0.0,0.61,0,139385,0.0,0
1751,2023-02-15,0.0,0.61,0,139385,0.0,0
1750,2023-02-14,0.0,0.6,0,139385,0.0,0
1749,2023-02-13,0.0,0.6,0,139385,0.0,0
1748,2023-02-10,0.0,0.59,0,139385,0.0,0
1747,2023-02-09,0.0,0.58,0,139385,0.0,0
1746,2023-02-08,0.0,0.57,0,139385,0.0,0
1745,2023-02-07,0.0,0.57,0,139385,0.0,0
1744,2023-02-06,0.0,0.58,0,139385,0.0,0
1743,2023-02-03,0.0,0.6,0,139385,0.0,0
1742,2023-02-02,0.0,0.57,0,139385,0.0,0
1741,2023-02-01,0.0,0.58,0,139385,0.0,0
1740,2023-01-31,0.0,0.57,0,139385,0.0,0
1739,2023-01-30,0.0,0.55,0,139385,0.0,0
1738,2023-01-27,0.0,0.57,0,139385,0.0,0
1737,2023-01-26,0.0,0.55,0,139385,0.0,0
1736,2023-01-25,0.0,0.55,0,139385,0.0,0
1735,2023-01-20,0.0,0.55,0,139385,0.0,0
1734,2023-01-19,0.0,0.54,0,139385,0.0,0
1733,2023-01-18,0.0,0.54,0,139385,0.0,0
1732,2023-01-17,0.0,0.55,0,139385,0.0,0
1731,2023-01-16,0.0,0.55,0,139385,0.0,0
1730,2023-01-13,0.0,0.55,0,139385,0.0,0
1729,2023-01-12,0.0,0.55,0,139385,0.0,0
1728,2023-01-11,0.0,0.54,0,139385,0.0,0
1727,2023-01-10,0.0,0.54,0,139385,0.0,0
1726,2023-01-09,0.0,0.55,0,139385,0.0,0
1725,2023-01-06,0.0,0.53,0,139385,0.0,0
1724,2023-01-05,0.0,0.53,0,139385,0.0,0
1723,2023-01-04,0.0,0.53,0,139385,0.0,0
1722,2023-01-03,0.0,0.5,0,139385,0.0,0
1721,2023-01-02,0.0,0.51,0,139385,0.0,0
1720,2022-12-29,0.0,0.51,0,139385,0.0,0
1719,2022-12-28,0.0,0.53,0,139385,0.0,0
1718,2022-12-27,0.0,0.53,0,139385,0.0,0
1717,2022-12-26,0.0,0.52,0,139385,0.0,0
1716,2022-12-23,0.0,0.52,0,139385,0.0,0
1715,2022-12-22,0.0,0.53,0,139385,0.0,0
1714,2022-12-21,0.0,0.52,0,139385,0.0,0
1713,2022-12-20,0.0,0.51,0,139385,0.0,0
1712,2022-12-19,0.0,0.52,0,139385,0.0,0
1711,2022-12-16,0.0,0.52,0,139385,0.0,0
1710,2022-12-15,0.0,0.52,0,139385,0.0,0
1709,2022-12-14,0.0,0.53,0,139385,0.0,0
1708,2022-12-13,0.0,0.53,0,139385,0.0,0
1707,2022-12-12,0.0,0.53,0,139385,0.0,0
1706,2022-12-09,0.0,0.53,0,139385,0.0,0
1705,2022-12-08,0.0,0.52,0,139385,0.0,0
1704,2022-12-07,0.0,0.53,0,139385,0.0,0
1703,2022-12-06,0.0,0.53,0,139385,0.0,0
1702,2022-12-05,0.0,0.53,0,139385,0.0,0
1701,2022-12-02,0.0,0.53,0,139385,0.0,0
1700,2022-12-01,0.0,0.55,0,139385,0.0,0
1699,2022-11-30,0.0,0.56,0,139385,0.0,0
1698,2022-11-29,0.0,0.55,0,139385,0.0,0
1697,2022-11-28,0.0,0.55,0,139385,0.0,0
1696,2022-11-25,0.0,0.56,0,139385,0.0,0
1695,2022-11-24,0.0,0.56,0,139385,0.0,0
1694,2022-11-23,0.0,0.56,0,139385,0.0,0
1693,2022-11-22,0.0,0.56,0,139385,0.0,0
1692,2022-11-21,0.0,0.55,0,139385,0.0,0
1691,2022-11-18,0.0,0.56,0,139385,0.0,0
1690,2022-11-17,0.0,0.56,0,139385,0.0,0
1689,2022-11-16,0.0,0.57,0,139385,0.0,0
1688,2022-11-15,0.0,0.56,0,139385,0.0,0
1687,2022-11-14,0.0,0.55,0,139385,0.0,0
1686,2022-11-11,0.0,0.56,0,139385,0.0,0
1685,2022-11-10,0.0,0.54,0,139385,0.0,0
1684,2022-11-09,0.0,0.55,0,139385,0.0,0
1683,2022-11-08,0.0,0.55,0,139385,0.0,0
1682,2022-11-07,0.0,0.54,0,139385,0.0,0
1681,2022-11-04,0.0,0.55,0,139385,0.0,0
1680,2022-11-03,0.0,0.54,0,139385,0.0,0
1679,2022-11-02,0.0,0.54,0,139385,0.0,0
1678,2022-11-01,0.0,0.53,0,139385,0.0,0
1677,2022-10-31,0.0,0.52,0,139385,0.0,0
1676,2022-10-28,0.0,0.53,0,139385,0.0,0
1675,2022-10-27,0.0,0.51,0,139385,0.0,0
1674,2022-10-26,0.0,0.5,0,139385,0.0,0
1673,2022-10-25,0.0,0.5,0,139385,0.0,0
1672,2022-10-24,0.0,0.51,0,139385,0.0,0
1671,2022-10-21,0.0,0.51,0,139385,0.0,0
1670,2022-10-20,0.0,0.52,0,139385,0.0,0
1669,2022-10-19,0.0,0.52,0,139385,0.0,0
1668,2022-10-18,0.0,0.53,0,139385,0.0,0
1667,2022-10-17,0.0,0.54,0,139385,0.0,0
1666,2022-10-14,0.0,0.54,0,139385,0.0,0
1665,2022-10-13,0.0,0.53,0,139385,0.0,0
1664,2022-10-12,0.0,0.55,0,139385,0.0,0
1663,2022-10-11,0.0,0.55,0,139385,0.0,0
1662,2022-10-07,0.0,0.57,0,139385,0.0,0
1661,2022-10-06,0.0,0.57,0,139385,0.0,0
1660,2022-10-05,0.0,0.54,0,139385,0.0,0
1659,2022-10-04,0.0,0.55,0,139385,0.0,0
1658,2022-09-30,0.0,0.52,0,139385,0.0,0
1657,2022-09-29,0.0,0.53,0,139385,0.0,0
1656,2022-09-28,0.0,0.55,0,139385,0.0,0
1655,2022-09-27,0.0,0.57,0,139385,0.0,0
1654,2022-09-26,0.0,0.57,0,139385,0.0,0
1653,2022-09-23,0.0,0.6,0,139385,0.0,0
1652,2022-09-22,0.0,0.61,0,139385,0.0,0
1651,2022-09-21,0.0,0.61,0,139385,0.0,0
1650,2022-09-20,0.0,0.6,0,139385,0.0,0
1649,2022-09-19,0.0,0.59,0,139385,0.0,0
1648,2022-09-16,0.0,0.6,0,139385,0.0,0
1647,2022-09-15,0.0,0.62,0,139385,0.0,0
1646,2022-09-14,0.0,0.62,0,139385,0.0,0
1645,2022-09-13,0.0,0.63,0,139385,0.0,0
1644,2022-09-08,0.0,0.63,0,139385,0.0,0
1643,2022-09-07,0.0,0.63,0,139385,0.0,0
1642,2022-09-06,0.0,0.66,0,139385,0.0,0
1641,2022-09-05,0.0,0.66,0,139385,0.0,0
1640,2022-09-02,0.0,0.65,0,139385,0.0,0
1639,2022-09-01,0.0,0.67,0,139385,0.0,0
1638,2022-08-31,0.0,0.7,0,139385,0.0,0
1637,2022-08-30,0.0,0.7,0,139385,0.0,0
1636,2022-08-29,0.0,0.7,0,139385,0.0,0
1635,2022-08-26,0.0,0.71,0,139385,0.0,0
1634,2022-08-25,0.0,0.71,0,139385,0.0,0
1633,2022-08-24,0.0,0.71,0,139385,0.0,0
1632,2022-08-23,0.0,0.68,0,139385,0.0,0
1631,2022-08-22,0.0,0.65,0,139385,0.0,0
1630,2022-08-19,0.0,0.66,0,139385,0.0,0
1629,2022-08-18,0.0,0.66,0,139385,0.0,0
1628,2022-08-17,0.0,0.66,0,139385,0.0,0
1627,2022-08-16,0.0,0.67,0,139385,0.0,0
1626,2022-08-12,0.0,0.67,0,139385,0.0,0
1625,2022-08-11,0.0,0.67,0,139385,0.0,0
1624,2022-08-10,0.0,0.66,0,139385,0.0,0
1623,2022-08-09,0.0,0.65,0,139385,0.0,0
1622,2022-08-08,0.0,0.64,0,139385,0.0,0
1621,2022-08-05,0.0,0.63,0,139385,0.0,0
1620,2022-08-04,0.0,0.62,0,139385,0.0,0
1619,2022-08-03,0.0,0.64,0,139385,0.0,0
1618,2022-08-02,0.0,0.63,0,139385,0.0,0
1617,2022-08-01,0.0,0.62,0,139385,0.0,0
1616,2022-07-29,0.0,0.61,0,139385,0.0,0
1615,2022-07-28,0.0,0.6,0,139385,0.0,0
1614,2022-07-27,0.0,0.6,0,139385,0.0,0
1613,2022-07-26,0.0,0.59,0,139385,0.0,0
1612,2022-07-25,0.0,0.59,0,139385,0.0,0
1611,2022-07-22,0.0,0.59,0,139385,0.0,0
1610,2022-07-21,0.0,0.6,0,139385,0.0,0
1609,2022-07-20,0.0,0.59,0,139385,0.0,0
1608,2022-07-19,0.0,0.59,0,139385,0.0,0
1607,2022-07-18,0.0,0.6,0,139385,0.0,0
1606,2022-07-15,0.0,0.57,0,139385,0.0,0
1605,2022-07-14,0.0,0.58,0,139385,0.0,0
1604,2022-07-13,0.0,0.58,0,139385,0.0,0
1603,2022-07-12,0.0,0.59,0,139385,0.0,0
1602,2022-07-11,0.0,0.59,0,139385,0.0,0
1601,2022-07-08,0.0,0.6,0,139385,0.0,0
1600,2022-07-07,0.0,0.59,0,139385,0.0,0
1599,2022-07-06,0.0,0.59,0,139385,0.0,0
1598,2022-07-05,0.0,0.64,0,139385,0.0,0
1597,2022-07-04,0.0,0.64,0,139385,0.0,0
1596,2022-07-01,0.0,0.67,0,139385,0.0,0
1595,2022-06-30,0.0,0.67,0,139385,0.0,0
1594,2022-06-29,0.0,0.65,0,139385,0.0,0
1593,2022-06-28,0.0,0.66,0,139385,0.0,0
1592,2022-06-27,0.0,0.65,0,139385,0.0,0
1591,2022-06-24,0.0,0.63,0,139385,0.0,0
1590,2022-06-23,0.0,0.63,0,139385,0.0,0
1589,2022-06-22,0.0,0.64,0,139385,0.0,0
1588,2022-06-21,0.0,0.66,0,139385,0.0,0
1587,2022-06-20,0.0,0.63,0,139385,0.0,0
1586,2022-06-17,0.0,0.63,0,139385,0.0,0
1585,2022-06-16,0.0,0.62,0,139385,0.0,0
1584,2022-06-15,0.0,0.62,0,139385,0.0,0
1583,2022-06-14,0.0,0.63,0,139385,0.0,0
1582,2022-06-13,0.0,0.64,0,139385,0.0,0
1581,2022-06-10,0.0,0.66,0,139385,0.0,0
1580,2022-06-09,0.0,0.67,0,139385,0.0,0
1579,2022-06-08,0.0,0.67,0,139385,0.0,0
1578,2022-06-07,0.0,0.66,0,139385,0.0,0
1577,2022-06-03,0.0,0.65,0,139385,0.0,0
1576,2022-06-02,0.0,0.64,0,139385,0.0,0
1575,2022-05-31,0.0,0.66,0,139385,0.0,0
1574,2022-05-30,0.0,0.65,0,139385,0.0,0
1573,2022-05-27,0.0,0.64,0,139385,0.0,0
1572,2022-05-26,0.0,0.64,0,139385,0.0,0
1571,2022-05-25,0.0,0.62,0,139385,0.0,0
1570,2022-05-24,0.0,0.62,0,139385,0.0,0
1569,2022-05-23,0.0,0.63,0,139385,0.0,0
1568,2022-05-20,0.0,0.63,0,139385,0.0,0
1567,2022-05-19,0.0,0.62,0,139385,0.0,0
1566,2022-05-18,0.0,0.64,0,139385,0.0,0
1565,2022-05-17,0.0,0.65,0,139385,0.0,0
1564,2022-05-16,0.0,0.65,0,139385,0.0,0
1563,2022-05-13,0.0,0.66,0,139385,0.0,0
1562,2022-05-12,0.0,0.62,0,139385,0.0,0
1561,2022-05-11,0.0,0.62,0,139385,0.0,0
1560,2022-05-10,0.0,0.62,0,139385,0.0,0
1559,2022-05-09,0.0,0.63,0,139385,0.0,0
1558,2022-05-06,0.0,0.64,0,139385,0.0,0
1557,2022-05-04,0.0,0.63,0,139385,0.0,0
1556,2022-05-03,0.0,0.65,0,139385,0.0,0
1555,2022-05-02,0.0,0.66,0,139385,0.0,0
1554,2022-04-29,0.0,0.6,0,154102,0.0,0
1553,2022-04-28,0.0,0.62,0,154102,0.0,0
1552,2022-04-27,0.0,0.61,0,154102,0.0,0
1551,2022-04-26,0.0,0.61,0,154102,0.0,0
1550,2022-04-25,0.0,0.62,0,154102,0.0,0
1549,2022-04-22,0.0,0.62,0,154102,0.0,0
1548,2022-04-21,0.0,0.62,0,154102,0.0,0
1547,2022-04-20,0.0,0.63,0,154102,0.0,0
1546,2022-04-19,0.0,0.63,0,154102,0.0,0
1545,2022-04-18,0.0,0.61,0,154102,0.0,0
1544,2022-04-15,0.0,0.63,0,154102,0.0,0
1543,2022-04-14,0.0,0.6,0,154102,0.0,0
1542,2022-04-13,0.0,0.6,0,154102,0.0,0
1541,2022-04-12,0.0,0.56,0,154102,0.0,0
1540,2022-04-11,0.0,0.55,0,154102,0.0,0
1539,2022-04-08,0.0,0.53,0,154102,0.0,0
1538,2022-04-07,0.0,0.53,0,154102,0.0,0
1537,2022-04-06,0.0,0.56,0,154102,0.0,0
1536,2022-04-05,0.0,0.57,0,154102,0.0,0
1535,2022-04-04,0.0,0.56,0,154102,0.0,0
1534,2022-04-01,0.0,0.56,0,154102,0.0,0
1533,2022-03-31,0.0,0.58,0,154102,0.0,0
1532,2022-03-30,0.0,0.58,0,154102,0.0,0
1531,2022-03-29,0.0,0.58,0,154102,0.0,0
1530,2022-03-28,0.0,0.59,0,154102,0.0,0
1529,2022-03-25,0.0,0.59,0,154102,0.0,0
1528,2022-03-24,0.0,0.59,0,154102,0.0,0
1527,2022-03-23,0.0,0.59,0,154102,0.0,0
1526,2022-03-22,0.0,0.59,0,154102,0.0,0
1525,2022-03-21,0.0,0.58,0,154102,0.0,0
1524,2022-03-18,0.0,0.58,0,154102,0.0,0
1523,2022-03-17,0.0,0.58,0,154102,0.0,0
1522,2022-03-16,0.0,0.58,0,154102,0.0,0
1521,2022-03-15,0.0,0.58,0,154102,0.0,0
1520,2022-03-14,0.0,0.6,0,154102,0.0,0
1519,2022-03-11,0.0,0.61,0,154102,0.0,0
1518,2022-03-10,0.0,0.59,0,154102,0.0,0
1517,2022-03-08,0.0,0.59,0,154102,0.0,0
1516,2022-03-07,0.0,0.6,0,154102,0.0,0
1515,2022-03-04,0.0,0.61,0,154102,0.0,0
1514,2022-03-03,0.0,0.59,0,154102,0.0,0
1513,2022-03-02,0.0,0.59,0,154102,0.0,0
1512,2022-02-28,0.0,0.57,0,154102,0.0,0
1511,2022-02-25,0.0,0.57,0,154102,0.0,0
1510,2022-02-24,0.0,0.56,0,154102,0.0,0
1509,2022-02-23,0.0,0.58,0,154102,0.0,0
1508,2022-02-22,0.0,0.54,0,154102,0.0,0
1507,2022-02-21,0.0,0.55,0,154102,0.0,0
1506,2022-02-18,0.0,0.55,0,154102,0.0,0
1505,2022-02-17,0.0,0.54,0,154102,0.0,0
1504,2022-02-16,0.0,0.54,0,154102,0.0,0
1503,2022-02-15,0.0,0.53,0,154102,0.0,0
1502,2022-02-14,0.0,0.53,0,154102,0.0,0
1501,2022-02-11,0.0,0.54,0,154102,0.0,0
1500,2022-02-10,0.0,0.55,0,154102,0.0,0
1499,2022-02-09,0.0,0.55,0,154102,0.0,0
1498,2022-02-08,0.0,0.54,0,154102,0.0,0
1497,2022-02-07,0.0,0.53,0,154102,0.0,0
1496,2022-02-04,0.0,0.53,0,154102,0.0,0
1495,2022-02-03,0.0,0.52,0,154102,0.0,0
1494,2022-01-28,0.0,0.52,0,154102,0.0,0
1493,2022-01-27,0.0,0.5,0,154102,0.0,0
1492,2022-01-26,0.0,0.52,0,154102,0.0,0
1491,2022-01-25,0.0,0.54,0,154102,0.0,0
1490,2022-01-24,0.0,0.56,0,154102,0.0,0
1489,2022-01-21,0.0,0.58,0,154102,0.0,0
1488,2022-01-20,0.0,0.58,0,154102,0.0,0
1487,2022-01-19,0.0,0.59,0,154102,0.0,0
1486,2022-01-18,0.0,0.59,0,154102,0.0,0
1485,2022-01-17,0.0,0.61,0,154102,0.0,0
1484,2022-01-14,0.0,0.63,0,154102,0.0,0
1483,2022-01-13,0.0,0.64,0,154102,0.0,0
1482,2022-01-12,0.0,0.65,0,154102,0.0,0
1481,2022-01-11,0.0,0.65,0,154102,0.0,0
1480,2022-01-10,0.0,0.67,0,154102,0.0,0
1479,2022-01-07,0.0,0.65,0,154102,0.0,0
1478,2022-01-06,0.0,0.66,0,154102,0.0,0
1477,2022-01-05,0.0,0.64,0,154102,0.0,0
1476,2022-01-04,0.0,0.64,0,154102,0.0,0
1475,2022-01-03,0.0,0.61,0,154102,0.0,0
1474,2021-12-30,0.0,0.61,0,154102,0.0,0
1473,2021-12-29,0.0,0.62,0,154102,0.0,0
1472,2021-12-28,0.0,0.61,0,154102,0.0,0
1471,2021-12-27,0.0,0.6,0,154102,0.0,0
1470,2021-12-24,0.0,0.61,0,154102,0.0,0
1469,2021-12-23,0.0,0.61,0,154102,0.0,0
1468,2021-12-22,0.0,0.61,0,154102,0.0,0
1467,2021-12-21,0.0,0.62,0,154102,0.0,0
1466,2021-12-20,0.0,0.62,0,154102,0.0,0
1465,2021-12-17,0.0,0.65,0,154102,0.0,0
1464,2021-12-16,0.0,0.64,0,154102,0.0,0
1463,2021-12-15,0.0,0.63,0,154102,0.0,0
1462,2021-12-14,0.0,0.63,0,154102,0.0,0
1461,2021-12-13,0.0,0.64,0,154102,0.0,0
1460,2021-12-10,0.0,0.64,0,154102,0.0,0
1459,2021-12-09,0.0,0.64,0,154102,0.0,0
1458,2021-12-08,0.0,0.63,0,154102,0.0,0
1457,2021-12-07,0.0,0.63,0,154102,0.0,0
1456,2021-12-06,0.0,0.62,0,154102,0.0,0
1455,2021-12-03,0.0,0.61,0,154102,0.0,0
1454,2021-12-02,0.0,0.62,0,154102,0.0,0
1453,2021-12-01,0.0,0.59,0,154102,0.0,0
1452,2021-11-30,0.0,0.57,0,154102,0.0,0
1451,2021-11-29,0.0,0.59,0,154102,0.0,0
1450,2021-11-26,0.0,0.61,0,154102,0.0,0
1449,2021-11-25,0.0,0.63,0,154102,0.0,0
1448,2021-11-24,0.0,0.62,0,154102,0.0,0
1447,2021-11-23,0.0,0.64,0,154102,0.0,0
1446,2021-11-22,0.0,0.64,0,154102,0.0,0
1445,2021-11-19,0.0,0.63,0,154102,0.0,0
1444,2021-11-18,0.0,0.63,0,154102,0.0,0
1443,2021-11-17,0.0,0.64,0,154102,0.0,0
1442,2021-11-16,0.0,0.66,0,154102,0.0,0
1441,2021-11-15,0.0,0.67,0,154102,0.0,0
1440,2021-11-12,0.0,0.66,0,154102,0.0,0
1439,2021-11-11,0.0,0.64,0,154102,0.0,0
1438,2021-11-10,0.0,0.64,0,154102,0.0,0
1437,2021-11-09,0.0,0.66,0,154102,0.0,0
1436,2021-11-08,0.0,0.67,0,154102,0.0,0
1435,2021-11-05,0.0,0.67,0,154102,0.0,0
1434,2021-11-04,0.0,0.66,0,154102,0.0,0
1433,2021-11-03,0.0,0.67,0,154102,0.0,0
1432,2021-11-02,0.0,0.67,0,154102,0.0,0
1431,2021-11-01,0.0,0.68,0,154102,0.0,0
1430,2021-10-29,0.0,0.67,0,154102,0.0,0
1429,2021-10-28,0.0,0.66,0,154102,0.0,0
1428,2021-10-27,0.0,0.68,0,154102,0.0,0
1427,2021-10-26,0.0,0.67,0,154102,0.0,0
1426,2021-10-25,0.0,0.66,0,154102,0.0,0
1425,2021-10-22,0.0,0.63,0,154102,0.0,0
1424,2021-10-21,0.0,0.63,0,154102,0.0,0
1423,2021-10-20,0.0,0.63,0,154102,0.0,0
1422,2021-10-19,0.0,0.63,0,154102,0.0,0
1421,2021-10-18,0.0,0.62,0,154102,0.0,0
1420,2021-10-15,0.0,0.63,0,154102,0.0,0
1419,2021-10-14,0.0,0.62,0,154102,0.0,0
1418,2021-10-13,0.0,0.62,0,154102,0.0,0
1417,2021-10-12,0.0,0.61,0,154102,0.0,0
1416,2021-10-08,0.0,0.61,0,154102,0.0,0
1415,2021-10-07,0.0,0.63,0,154102,0.0,0
1414,2021-10-06,0.0,0.61,0,154102,0.0,0
1413,2021-10-05,0.0,0.63,0,154102,0.0,0
1412,2021-10-01,0.0,0.63,0,154102,0.0,0
1411,2021-09-30,0.0,0.66,0,154102,0.0,0
1410,2021-09-29,0.0,0.66,0,154102,0.0,0
1409,2021-09-28,0.0,0.66,0,154102,0.0,0
1408,2021-09-27,0.0,0.67,0,154102,0.0,0
1407,2021-09-24,0.0,0.66,0,154102,0.0,0
1406,2021-09-23,0.0,0.66,0,154102,0.0,0
1405,2021-09-17,0.0,0.68,0,154102,0.0,0
1404,2021-09-16,0.0,0.77,0,154102,0.0,0
1403,2021-09-15,0.0,0.76,0,154102,0.0,0
1402,2021-09-14,0.0,0.77,0,154102,0.0,0
1401,2021-09-13,0.0,0.74,0,154102,0.0,0
1400,2021-09-10,0.0,0.74,0,154102,0.0,0
1399,2021-09-09,0.0,0.7,0,154102,0.0,0
1398,2021-09-08,0.0,0.74,0,154102,0.0,0
1397,2021-09-07,0.0,0.76,0,154102,0.0,0
1396,2021-09-06,0.0,0.74,0,154102,0.0,0
1395,2021-09-03,0.0,0.74,0,154102,0.0,0
1394,2021-09-02,0.0,0.74,0,154102,0.0,0
1393,2021-09-01,0.0,0.74,0,154102,0.0,0
1392,2021-08-31,0.0,0.77,0,154102,0.0,0
1391,2021-08-30,0.0,0.76,0,154102,0.0,0
1390,2021-08-27,0.0,0.76,0,154102,0.0,0
1389,2021-08-26,0.0,0.76,0,154102,0.0,0
1388,2021-08-25,0.0,0.77,0,154102,0.0,0
1387,2021-08-24,0.0,0.78,0,154102,0.0,0
1386,2021-08-23,0.0,0.75,0,154102,0.0,0
1385,2021-08-20,0.0,0.71,0,154102,0.0,0
1384,2021-08-19,0.0,0.72,0,154102,0.0,0
1383,2021-08-18,0.0,0.76,0,154102,0.0,0
1382,2021-08-17,0.0,0.75,0,154102,0.0,0
1381,2021-08-13,0.0,0.77,0,154102,0.0,0
1380,2021-08-12,0.0,0.78,0,154102,0.0,0
1379,2021-08-11,0.0,0.79,0,154102,0.0,0
1378,2021-08-10,0.0,0.81,0,154102,0.0,0
1377,2021-08-09,0.0,0.81,0,154102,0.0,0
1376,2021-08-06,0.0,0.84,0,154102,0.0,0
1375,2021-08-05,0.0,0.84,0,154102,0.0,0
1374,2021-08-04,0.0,0.86,0,154102,0.0,0
1373,2021-08-03,0.0,0.84,0,154102,0.0,0
1372,2021-08-02,0.0,0.84,0,154102,0.0,0
1371,2021-07-30,0.0,0.85,0,154102,0.0,0
1370,2021-07-29,0.0,0.88,0,154102,0.0,0
1369,2021-07-28,0.0,0.86,0,154102,0.0,0
1368,2021-07-27,0.0,0.84,0,154102,0.0,0
1367,2021-07-26,0.0,0.85,0,154102,0.0,0
1366,2021-07-23,0.0,0.86,0,154102,0.0,0
1365,2021-07-22,0.0,0.83,0,154102,0.0,0
1364,2021-07-21,0.0,0.83,0,154102,0.0,0
1363,2021-07-20,0.0,0.79,0,154102,0.0,0
1362,2021-07-19,0.0,0.8,0,154102,0.0,0
1361,2021-07-16,0.0,0.82,0,154102,0.0,0
1360,2021-07-15,0.0,0.83,0,154102,0.0,0
1359,2021-07-14,0.0,0.83,0,154102,0.0,0
1358,2021-07-13,0.0,0.83,0,154102,0.0,0
1357,2021-07-12,0.0,0.82,0,154102,0.0,0
1356,2021-07-09,0.0,0.81,0,154102,0.0,0
1355,2021-07-08,0.0,0.82,0,154102,0.0,0
1354,2021-07-07,0.0,0.84,0,154102,0.0,0
1353,2021-07-06,0.0,0.86,0,154102,0.0,0
1352,2021-07-05,0.0,0.86,0,154102,0.0,0
1351,2021-07-02,0.0,0.88,0,154102,0.0,0
1350,2021-07-01,0.0,0.86,0,154102,0.0,0
1349,2021-06-30,0.0,0.87,0,154102,0.0,0
1348,2021-06-29,0.0,0.87,0,154102,0.0,0
1347,2021-06-28,0.0,0.88,0,154102,0.0,0
1346,2021-06-25,0.0,0.87,0,154102,0.0,0
1345,2021-06-24,0.0,0.86,0,154102,0.0,0
1344,2021-06-23,0.0,0.85,0,154102,0.0,0
1343,2021-06-22,0.0,0.88,0,154102,0.0,0
1342,2021-06-21,0.0,0.88,0,154102,0.0,0
1341,2021-06-18,0.0,0.86,0,154102,0.0,0
1340,2021-06-17,0.0,0.87,0,154102,0.0,0
1339,2021-06-16,0.0,0.89,0,154102,0.0,0
1338,2021-06-15,0.0,0.89,0,154102,0.0,0
1337,2021-06-14,0.0,0.9,0,154102,0.0,0
1336,2021-06-11,0.0,0.91,0,154102,0.0,0
1335,2021-06-10,0.0,0.9,0,154102,0.0,0
1334,2021-06-09,0.0,0.9,0,154102,0.0,0
1333,2021-06-08,0.0,0.91,0,154102,0.0,0
1332,2021-06-07,0.0,0.93,0,154102,0.0,0
1331,2021-06-04,0.0,0.94,0,154102,0.0,0
1330,2021-06-03,0.0,0.94,0,154102,0.0,0
1329,2021-06-02,0.0,0.97,0,154102,0.0,0
1328,2021-06-01,0.0,0.97,0,154102,0.0,0
1327,2021-05-31,0.0,0.92,0,154102,0.0,0
1326,2021-05-28,0.0,0.93,0,154102,0.0,0
1325,2021-05-27,0.0,0.92,0,154102,0.0,0
1324,2021-05-26,0.0,0.95,0,154102,0.0,0
1323,2021-05-25,0.0,0.95,0,154102,0.0,0
1322,2021-05-24,0.0,0.96,0,154102,0.0,0
1321,2021-05-21,0.0,0.93,0,154102,0.0,0
1320,2021-05-20,0.0,0.95,0,154102,0.0,0
1319,2021-05-18,0.0,1.0,0,154102,0.0,0
1318,2021-05-17,0.0,0.99,0,154102,0.0,0
1317,2021-05-14,0.0,0.96,0,154102,0.0,0
1316,2021-05-13,0.0,0.97,0,154102,0.0,0
1315,2021-05-12,0.0,1.0,0,154102,0.0,0
1314,2021-05-11,0.0,1.04,0,154102,0.0,0
1313,2021-05-10,0.0,1.04,0,154102,0.0,0
1312,2021-05-07,0.0,1.0,0,154102,0.0,0
1311,2021-05-06,0.0,0.99,0,154102,0.0,0
1310,2021-05-04,0.0,0.97,0,154102,0.0,0
1309,2021-05-03,0.0,0.99,0,154102,0.0,0
1308,2021-04-30,70.32,0.94,2183,163436,0.0,0
1307,2021-04-29,68.94,0.92,2183,163436,0.0,0
1306,2021-04-28,68.25,0.91,2183,163436,0.0,0
1305,2021-04-27,68.71,0.92,2183,163436,0.0,0
1304,2021-04-26,68.94,0.92,2183,163436,0.0,0
1303,2021-04-23,64.59,0.86,2183,163436,0.0,0
1302,2021-04-22,64.36,0.86,2183,163436,0.0,0
1301,2021-04-21,62.07,0.83,2183,163436,0.0,0
1300,2021-04-20,63.67,0.85,2183,163436,0.0,0
1299,2021-04-19,64.13,0.86,2183,163436,0.0,0
1298,2021-04-16,62.76,0.84,2183,163436,0.0,0
1297,2021-04-15,61.61,0.82,2183,163436,0.0,0
1296,2021-04-14,61.15,0.82,2183,163436,0.0,0
1295,2021-04-13,60.93,0.81,2183,163436,0.0,0
1294,2021-04-12,60.24,0.8,2183,163436,0.0,0
1293,2021-04-09,58.63,0.78,2183,163436,0.0,0
1292,2021-04-08,59.55,0.8,2183,163436,0.0,0
1291,2021-04-07,58.41,0.78,2183,163436,0.0,0
1290,2021-04-06,59.55,0.8,2183,163436,0.0,0
1289,2021-04-05,60.93,0.81,2183,163436,0.0,0
1288,2021-04-02,60.24,0.8,2183,163436,0.0,0
1287,2021-04-01,58.86,0.79,2183,163436,0.0,0
1286,2021-03-31,61.15,0.82,2183,163436,0.0,0
1285,2021-03-30,61.61,0.82,2183,163436,0.0,0
1284,2021-03-29,61.38,0.82,2183,163436,0.0,0
1283,2021-03-26,60.47,0.81,2183,163436,0.0,0
1282,2021-03-25,54.28,0.73,2183,163436,0.0,0
1281,2021-03-24,53.83,0.72,2183,163436,0.0,0
1280,2021-03-23,53.14,0.71,2183,163436,0.0,0
1279,2021-03-22,53.6,0.72,2183,163436,0.0,0
1278,2021-03-19,54.05,0.72,2183,163436,0.0,0
1277,2021-03-18,54.28,0.73,2183,163436,0.0,0
1276,2021-03-17,54.28,0.73,2183,163436,0.0,0
1275,2021-03-16,55.66,0.74,2183,163436,0.0,0
1274,2021-03-15,55.89,0.75,2183,163436,0.0,0
1273,2021-03-12,53.83,0.72,2183,163436,0.0,0
1272,2021-03-11,52.68,0.7,2183,163436,0.0,0
1271,2021-03-10,52.91,0.71,2183,163436,0.0,0
1270,2021-03-09,52.91,0.71,2183,163436,0.0,0
1269,2021-03-08,50.85,0.68,2183,163436,0.0,0
1268,2021-03-05,49.02,0.65,2183,163436,0.0,0
1267,2021-03-04,49.47,0.66,2183,163436,0.0,0
1266,2021-03-03,51.08,0.68,2183,163436,0.0,0
1265,2021-03-02,50.62,0.68,2183,163436,0.0,0
1264,2021-02-26,51.31,0.69,2183,163436,0.0,0
1263,2021-02-25,52.22,0.7,2183,163436,0.0,0
1262,2021-02-24,49.93,0.67,2183,163436,0.0,0
1261,2021-02-23,51.31,0.69,2183,163436,0.0,0
1260,2021-02-22,47.64,0.64,2183,163436,0.0,0
1259,2021-02-19,48.1,0.64,2183,163436,0.0,0
1258,2021-02-18,47.64,0.64,2183,163436,0.0,0
1257,2021-02-17,47.87,0.64,2183,163436,0.0,0
1256,2021-02-16,48.56,0.65,2183,163436,0.0,0
1255,2021-02-15,49.02,0.65,2183,163436,0.0,0
1254,2021-02-10,46.27,0.62,2183,163436,0.0,0
1253,2021-02-09,46.27,0.62,2183,163436,0.0,0
1252,2021-02-08,46.04,0.61,2183,163436,0.0,0
1251,2021-02-05,44.98,0.6,2183,163436,0.0,0
1250,2021-02-04,44.62,0.6,2183,163436,0.0,0
1249,2021-02-03,45.3,0.61,2183,163436,0.0,0
1248,2021-02-02,45.35,0.61,2183,163436,0.0,0
1247,2021-02-01,45.76,0.61,2183,163436,0.0,0
1246,2021-01-29,43.06,0.58,2183,163436,0.0,0
1245,2021-01-28,45.03,0.6,2183,163436,0.0,0
1244,2021-01-27,46.95,0.63,2183,163436,0.0,0
1243,2021-01-26,48.56,0.65,2183,163436,0.0,0
1242,2021-01-25,49.93,0.67,2183,163436,0.0,0
1241,2021-01-22,48.1,0.64,2183,163436,0.0,0
1240,2021-01-21,49.47,0.66,2183,163436,0.0,0
1239,2021-01-20,49.24,0.66,2183,163436,0.0,0
1238,2021-01-19,50.62,0.68,2183,163436,0.0,0
1237,2021-01-18,50.62,0.68,2183,163436,0.0,0
1236,2021-01-15,52.22,0.7,2183,163436,0.0,0
1235,2021-01-14,54.28,0.73,2183,163436,0.0,0
1234,2021-01-13,53.14,0.71,2183,163436,0.0,0
1233,2021-01-12,53.14,0.71,2183,163436,0.0,0
1232,2021-01-11,52.68,0.7,2183,163436,0.0,0
1231,2021-01-08,54.28,0.73,2183,163436,0.0,0
1230,2021-01-07,54.28,0.73,2183,163436,0.0,0
1229,2021-01-06,54.05,0.72,2183,163436,0.0,0
1228,2021-01-05,53.83,0.72,2183,163436,0.0,0
1227,2021-01-04,50.39,0.67,2183,163436,0.0,0
1226,2020-12-30,49.7,0.66,2183,163436,0.0,0
1225,2020-12-29,49.02,0.65,2183,163436,0.0,0
1224,2020-12-28,48.79,0.65,2183,163436,0.0,0
1223,2020-12-24,49.47,0.66,2183,163436,0.0,0
1222,2020-12-23,49.24,0.66,2183,163436,0.0,0
1221,2020-12-22,50.16,0.67,2183,163436,0.0,0
1220,2020-12-21,50.39,0.67,2183,163436,0.0,0
1219,2020-12-18,49.47,0.66,2183,163436,0.0,0
1218,2020-12-17,50.62,0.68,2183,163436,0.0,0
1217,2020-12-16,50.16,0.67,2183,163436,0.0,0
1216,2020-12-15,49.7,0.66,2183,163436,0.0,0
1215,2020-12-14,50.85,0.68,2183,163436,0.0,0
1214,2020-12-11,50.16,0.67,2183,163436,0.0,0
1213,2020-12-10,46.95,0.63,2183,163436,0.0,0
1212,2020-12-09,46.72,0.62,2183,163436,0.0,0
1211,2020-12-08,46.5,0.62,2183,163436,0.0,0
1210,2020-12-07,46.95,0.63,2183,163436,0.0,0
1209,2020-12-04,47.87,0.64,2183,163436,0.0,0
1208,2020-12-03,47.41,0.63,2183,163436,0.0,0
1207,2020-12-02,47.41,0.63,2183,163436,0.0,0
1206,2020-12-01,47.64,0.64,2183,163436,0.0,0
1205,2020-11-30,47.18,0.63,2183,163436,0.0,0
1204,2020-11-27,48.33,0.65,2183,163436,0.0,0
1203,2020-11-26,49.7,0.66,2183,163436,0.0,0
1202,2020-11-25,49.02,0.65,2183,163436,0.0,0
1201,2020-11-24,47.18,0.63,2183,163436,0.0,0
1200,2020-11-23,46.72,0.62,2183,163436,0.0,0
1199,2020-11-20,43.88,0.59,2183,163436,0.0,0
1198,2020-11-19,43.29,0.58,2183,163436,0.0,0
1197,2020-11-18,45.49,0.61,2183,163436,0.0,0
1196,2020-11-17,45.81,0.61,2183,163436,0.0,0
1195,2020-11-16,45.3,0.61,2183,163436,0.0,0
1194,2020-11-13,42.28,0.56,2183,163436,0.0,0
1193,2020-11-12,42.83,0.57,2183,163436,0.0,0
1192,2020-11-11,42.88,0.57,2183,163436,0.0,0
1191,2020-11-10,42.6,0.57,2183,163436,0.0,0
1190,2020-11-09,41.27,0.55,2183,163436,0.0,0
1189,2020-11-06,37.98,0.51,2183,163436,0.0,0
1188,2020-11-05,38.39,0.51,2183,163436,0.0,0
1187,2020-11-04,38.16,0.51,2183,163436,0.0,0
1186,2020-11-03,37.1,0.5,2183,163436,0.0,0
1185,2020-11-02,36.46,0.49,2183,163436,0.0,0
1184,2020-10-30,35.91,0.48,2183,163436,0.0,0
1183,2020-10-29,36.56,0.49,2183,163436,0.0,0
1182,2020-10-28,37.1,0.5,2183,163436,0.0,0
1181,2020-10-27,37.01,0.49,2183,163436,0.0,0
1180,2020-10-26,38.07,0.51,2183,163436,0.0,0
1179,2020-10-23,37.43,0.5,2183,163436,0.0,0
1178,2020-10-22,36.92,0.49,2183,163436,0.0,0
1177,2020-10-21,37.15,0.5,2183,163436,0.0,0
1176,2020-10-20,36.69,0.49,2183,163436,0.0,0
1175,2020-10-19,36.92,0.49,2183,163436,0.0,0
1174,2020-10-16,36.46,0.49,2183,163436,0.0,0
1173,2020-10-15,36.56,0.49,2183,163436,0.0,0
1172,2020-10-14,37.15,0.5,2183,163436,0.0,0
1171,2020-10-13,38.07,0.51,2183,163436,0.0,0
1170,2020-10-12,38.16,0.51,2183,163436,0.0,0
1169,2020-10-08,38.02,0.51,2183,163436,0.0,0
1168,2020-10-07,38.52,0.51,2183,163436,0.0,0
1167,2020-10-06,38.07,0.51,2183,163436,0.0,0
1166,2020-10-05,38.34,0.51,2183,163436,0.0,0
1165,2020-09-29,37.88,0.51,2183,163436,0.0,0
1164,2020-09-28,36.65,0.49,2183,163436,0.0,0
1163,2020-09-25,36.51,0.49,2183,163436,0.0,0
1162,2020-09-24,35.59,0.48,2183,163436,0.0,0
1161,2020-09-23,37.2,0.5,2183,163436,0.0,0
1160,2020-09-22,37.75,0.5,2183,163436,0.0,0
1159,2020-09-21,38.89,0.52,2183,163436,0.0,0
1158,2020-09-18,39.12,0.52,2183,163436,0.0,0
1157,2020-09-17,39.4,0.53,2183,163436,0.0,0
1156,2020-09-16,39.58,0.53,2183,163436,0.0,0
1155,2020-09-15,39.81,0.53,2183,163436,0.0,0
1154,2020-09-14,39.99,0.53,2183,163436,0.0,0
1153,2020-09-11,39.81,0.53,2183,163436,0.0,0
1152,2020-09-10,39.95,0.53,2183,163436,0.0,0
1151,2020-09-09,39.62,0.53,2183,163436,0.0,0
1150,2020-09-08,40.17,0.54,2183,163436,0.0,0
1149,2020-09-07,40.27,0.54,2183,163436,0.0,0
1148,2020-09-04,39.44,0.53,2183,163436,0.0,0
1147,2020-09-03,40.13,0.54,2183,163436,0.0,0
1146,2020-09-02,40.22,0.54,2183,163436,0.0,0
1145,2020-09-01,40.31,0.54,2183,163436,0.0,0
1144,2020-08-31,39.49,0.53,2183,163436,0.0,0
1143,2020-08-28,40.13,0.54,2183,163436,0.0,0
1142,2020-08-27,39.9,0.53,2183,163436,0.0,0
1141,2020-08-26,40.82,0.55,2183,163436,0.0,0
1140,2020-08-25,41.46,0.55,2183,163436,0.0,0
1139,2020-08-24,40.08,0.54,2183,163436,0.0,0
1138,2020-08-21,40.17,0.54,2183,163436,0.0,0
1137,2020-08-20,40.08,0.54,2183,163436,0.0,0
1136,2020-08-19,41.87,0.56,2183,163436,0.0,0
1135,2020-08-18,41.91,0.56,2183,163436,0.0,0
1134,2020-08-14,43.93,0.59,2183,163436,0.0,0
1133,2020-08-13,41.37,0.55,2183,163436,0.0,0
1132,2020-08-12,42.19,0.56,2183,163436,0.0,0
1131,2020-08-11,42.01,0.56,2183,163436,0.0,0
1130,2020-08-10,39.95,0.53,2183,163436,0.0,0
1129,2020-08-07,39.4,0.53,2183,163436,0.0,0
1128,2020-08-06,39.85,0.53,2183,163436,0.0,0
1127,2020-08-05,39.62,0.53,2183,163436,0.0,0
1126,2020-08-04,39.9,0.53,2183,163436,0.0,0
1125,2020-08-03,39.53,0.53,2183,163436,0.0,0
1124,2020-07-31,40.86,0.55,2183,163436,0.0,0
1123,2020-07-30,41.69,0.56,2183,163436,0.0,0
1122,2020-07-29,41.59,0.56,2183,163436,0.0,0
1121,2020-07-28,41.59,0.56,2183,163436,0.0,0
1120,2020-07-27,40.17,0.54,2183,163436,0.0,0
1119,2020-07-24,40.45,0.54,2183,163436,0.0,0
1118,2020-07-23,40.77,0.54,2183,163436,0.0,0
1117,2020-07-22,41.59,0.56,2183,163436,0.0,0
1116,2020-07-21,42.6,0.57,2183,163436,0.0,0
1115,2020-07-20,41.27,0.55,2183,163436,0.0,0
1114,2020-07-17,40.95,0.55,2183,163436,0.0,0
1113,2020-07-16,41.69,0.56,2183,163436,0.0,0
1112,2020-07-15,41.69,0.56,2183,163436,0.0,0
1111,2020-07-14,40.54,0.54,2183,163436,0.0,0
1110,2020-07-13,41.09,0.55,2183,163436,0.0,0
1109,2020-07-10,38.34,0.51,2183,163436,0.0,0
1108,2020-07-09,39.49,0.53,2183,163436,0.0,0
1107,2020-07-08,39.26,0.52,2183,163436,0.0,0
1106,2020-07-07,39.72,0.53,2183,163436,0.0,0
1105,2020-07-06,40.22,0.54,2183,163436,0.0,0
1104,2020-07-03,40.54,0.54,2183,163436,0.0,0
1103,2020-07-02,40.45,0.54,2183,163436,0.0,0
1102,2020-07-01,40.13,0.54,2183,163436,0.0,0
1101,2020-06-30,40.04,0.53,2183,163436,0.0,0
1100,2020-06-29,40.13,0.54,2183,163436,0.0,0
1099,2020-06-26,40.68,0.54,2183,163436,0.0,0
1098,2020-06-25,40.13,0.54,2183,163436,0.0,0
1097,2020-06-24,41.37,0.55,2183,163436,0.0,0
1096,2020-06-23,40.54,0.54,2183,163436,0.0,0
1095,2020-06-22,41.46,0.55,2183,163436,0.0,0
1094,2020-06-19,42.92,0.57,2183,163436,0.0,0
1093,2020-06-18,42.74,0.57,2183,163436,0.0,0
1092,2020-06-17,42.01,0.56,2183,163436,0.0,0
1091,2020-06-16,42.37,0.57,2183,163436,0.0,0
1090,2020-06-15,39.53,0.53,2183,163436,0.0,0
1089,2020-06-12,43.33,0.58,2183,163436,0.0,0
1088,2020-06-11,45.35,0.61,2183,163436,0.0,0
1087,2020-06-10,46.27,0.62,2183,163436,0.0,0
1086,2020-06-09,46.72,0.62,2183,163436,0.0,0
1085,2020-06-08,47.41,0.63,2183,163436,0.0,0
1084,2020-06-05,46.95,0.63,2183,163436,0.0,0
1083,2020-06-04,46.27,0.62,2183,163436,0.0,0
1082,2020-06-03,47.18,0.63,2183,163436,0.0,0
1081,2020-06-02,44.94,0.6,2183,163436,0.0,0
1080,2020-06-01,42.24,0.56,2183,163436,0.0,0
1079,2020-05-29,41.59,0.56,2183,163436,0.0,0
1078,2020-05-28,40.91,0.55,2183,163436,0.0,0
1077,2020-05-27,42.46,0.57,2183,163436,0.0,0
1076,2020-05-26,39.3,0.52,2183,163436,0.0,0
1075,2020-05-25,38.39,0.51,2183,163436,0.0,0
1074,2020-05-22,36.6,0.49,2183,163436,0.0,0
1073,2020-05-21,37.65,0.5,2183,163436,0.0,0
1072,2020-05-20,36.78,0.49,2183,163436,0.0,0
1071,2020-05-19,37.29,0.5,2183,163436,0.0,0
1070,2020-05-18,35.91,0.48,2183,163436,0.0,0
1069,2020-05-15,35.91,0.48,2183,163436,0.0,0
1068,2020-05-14,35.14,0.47,2183,163436,0.0,0
1067,2020-05-13,35.73,0.48,2183,163436,0.0,0
1066,2020-05-12,35.82,0.48,2183,163436,0.0,0
1065,2020-05-11,36.6,0.49,2183,163436,0.0,0
1064,2020-05-08,37.43,0.5,2183,163436,0.0,0
1063,2020-05-07,37.61,0.5,2183,163436,0.0,0
1062,2020-05-06,37.75,0.5,2183,163436,0.0,0
1061,2020-05-04,36.28,0.48,2183,163436,0.0,0
1060,2020-04-29,0.0,0.49,0,167892,0.0,0
1059,2020-04-28,0.0,0.46,0,167892,0.0,0
1058,2020-04-27,0.0,0.46,0,167892,0.0,0
1057,2020-04-24,0.0,0.46,0,167892,0.0,0
1056,2020-04-23,0.0,0.46,0,167892,0.0,0
1055,2020-04-22,0.0,0.45,0,167892,0.0,0
1054,2020-04-21,0.0,0.46,0,167892,0.0,0
1053,2020-04-20,0.0,0.48,0,167892,0.0,0
1052,2020-04-17,0.0,0.49,0,167892,0.0,0
1051,2020-04-16,0.0,0.48,0,167892,0.0,0
1050,2020-04-14,0.0,0.49,0,167892,0.0,0
1049,2020-04-13,0.0,0.48,0,167892,0.0,0
1048,2020-04-10,0.0,0.51,0,167892,0.0,0
1047,2020-04-09,0.0,0.5,0,167892,0.0,0
1046,2020-04-08,0.0,0.47,0,167892,0.0,0
1045,2020-04-07,0.0,0.49,0,167892,0.0,0
1044,2020-04-06,0.0,0.48,0,167892,0.0,0
1043,2020-04-03,0.0,0.46,0,167892,0.0,0
1042,2020-04-02,0.0,0.47,0,167892,0.0,0
1041,2020-04-01,0.0,0.46,0,167892,0.0,0
1040,2020-03-31,0.0,0.47,0,167892,0.0,0
1039,2020-03-30,0.0,0.45,0,167892,0.0,0
1038,2020-03-27,0.0,0.46,0,167892,0.0,0
1037,2020-03-26,0.0,0.46,0,167892,0.0,0
1036,2020-03-25,0.0,0.47,0,167892,0.0,0
1035,2020-03-24,0.0,0.44,0,167892,0.0,0
1034,2020-03-23,0.0,0.41,0,167892,0.0,0
1033,2020-03-20,0.0,0.46,0,167892,0.0,0
1032,2020-03-19,0.0,0.39,0,167892,0.0,0
1031,2020-03-18,0.0,0.43,0,167892,0.0,0
1030,2020-03-17,0.0,0.47,0,167892,0.0,0
1029,2020-03-16,0.0,0.46,0,167892,0.0,0
1028,2020-03-13,0.0,0.48,0,167892,0.0,0
1027,2020-03-12,0.0,0.53,0,167892,0.0,0
1026,2020-03-11,0.0,0.57,0,167892,0.0,0
1025,2020-03-10,0.0,0.57,0,167892,0.0,0
1024,2020-03-09,0.0,0.58,0,167892,0.0,0
1023,2020-03-06,0.0,0.63,0,167892,0.0,0
1022,2020-03-05,0.0,0.66,0,167892,0.0,0
1021,2020-03-04,0.0,0.63,0,167892,0.0,0
1020,2020-03-03,0.0,0.62,0,167892,0.0,0
1019,2020-03-02,0.0,0.62,0,167892,0.0,0
1018,2020-02-28,0.0,0.62,0,167892,0.0,0
1017,2020-02-27,0.0,0.64,0,167892,0.0,0
1016,2020-02-26,0.0,0.64,0,167892,0.0,0
1015,2020-02-25,0.0,0.66,0,167892,0.0,0
1014,2020-02-24,0.0,0.63,0,167892,0.0,0
1013,2020-02-21,0.0,0.67,0,167892,0.0,0
1012,2020-02-20,0.0,0.68,0,167892,0.0,0
1011,2020-02-19,0.0,0.69,0,167892,0.0,0
1010,2020-02-18,0.0,0.69,0,167892,0.0,0
1009,2020-02-17,0.0,0.68,0,167892,0.0,0
1008,2020-02-14,0.0,0.69,0,167892,0.0,0
1007,2020-02-13,0.0,0.69,0,167892,0.0,0
1006,2020-02-12,0.0,0.72,0,167892,0.0,0
1005,2020-02-11,0.0,0.72,0,167892,0.0,0
1004,2020-02-10,0.0,0.72,0,167892,0.0,0
1003,2020-02-07,0.0,0.72,0,167892,0.0,0
1002,2020-02-06,0.0,0.74,0,167892,0.0,0
1001,2020-02-05,0.0,0.66,0,167892,0.0,0
1000,2020-02-04,0.0,0.68,0,167892,0.0,0
999,2020-02-03,0.0,0.67,0,167892,0.0,0
998,2020-01-31,0.0,0.68,0,167892,0.0,0
997,2020-01-30,0.0,0.69,0,167892,0.0,0
996,2020-01-29,0.0,0.71,0,167892,0.0,0
995,2020-01-28,0.0,0.71,0,167892,0.0,0
994,2020-01-23,0.0,0.74,0,167892,0.0,0
993,2020-01-22,0.0,0.76,0,167892,0.0,0
992,2020-01-21,0.0,0.75,0,167892,0.0,0
991,2020-01-20,0.0,0.77,0,167892,0.0,0
990,2020-01-17,0.0,0.76,0,167892,0.0,0
989,2020-01-16,0.0,0.76,0,167892,0.0,0
988,2020-01-15,0.0,0.77,0,167892,0.0,0
987,2020-01-14,0.0,0.77,0,167892,0.0,0
986,2020-01-13,0.0,0.78,0,167892,0.0,0
985,2020-01-10,0.0,0.78,0,167892,0.0,0
984,2020-01-09,0.0,0.77,0,167892,0.0,0
983,2020-01-08,0.0,0.74,0,167892,0.0,0
982,2020-01-07,0.0,0.76,0,167892,0.0,0
981,2020-01-06,0.0,0.76,0,167892,0.0,0
980,2020-01-03,0.0,0.77,0,167892,0.0,0
979,2020-01-02,0.0,0.75,0,167892,0.0,0
978,2019-12-30,0.0,0.75,0,167892,0.0,0
977,2019-12-27,0.0,0.75,0,167892,0.0,0
976,2019-12-26,0.0,0.74,0,167892,0.0,0
975,2019-12-24,0.0,0.75,0,167892,0.0,0
974,2019-12-23,0.0,0.75,0,167892,0.0,0
973,2019-12-20,0.0,0.75,0,167892,0.0,0
972,2019-12-19,0.0,0.75,0,167892,0.0,0
971,2019-12-18,0.0,0.74,0,167892,0.0,0
970,2019-12-17,0.0,0.75,0,167892,0.0,0
969,2019-12-16,0.0,0.74,0,167892,0.0,0
968,2019-12-13,0.0,0.74,0,167892,0.0,0
967,2019-12-12,0.0,0.73,0,167892,0.0,0
966,2019-12-11,0.0,0.73,0,167892,0.0,0
965,2019-12-10,0.0,0.73,0,167892,0.0,0
964,2019-12-09,0.0,0.72,0,167892,0.0,0
963,2019-12-06,0.0,0.72,0,167892,0.0,0
962,2019-12-05,0.0,0.73,0,167892,0.0,0
961,2019-12-04,0.0,0.71,0,167892,0.0,0
960,2019-12-03,0.0,0.72,0,167892,0.0,0
959,2019-12-02,0.0,0.72,0,167892,0.0,0
958,2019-11-29,0.0,0.71,0,167892,0.0,0
957,2019-11-28,0.0,0.73,0,167892,0.0,0
956,2019-11-27,0.0,0.73,0,167892,0.0,0
955,2019-11-26,0.0,0.72,0,167892,0.0,0
954,2019-11-25,0.0,0.7,0,167892,0.0,0
953,2019-11-22,0.0,0.68,0,167892,0.0,0
952,2019-11-21,0.0,0.69,0,167892,0.0,0
951,2019-11-20,0.0,0.69,0,167892,0.0,0
950,2019-11-19,0.0,0.69,0,167892,0.0,0
949,2019-11-18,0.0,0.69,0,167892,0.0,0
948,2019-11-15,0.0,0.7,0,167892,0.0,0
947,2019-11-14,0.0,0.69,0,167892,0.0,0
946,2019-11-13,0.0,0.68,0,167892,0.0,0
945,2019-11-12,0.0,0.71,0,167892,0.0,0
944,2019-11-11,0.0,0.7,0,167892,0.0,0
943,2019-11-08,0.0,0.72,0,167892,0.0,0
942,2019-11-07,0.0,0.7,0,167892,0.0,0
941,2019-11-06,0.0,0.7,0,167892,0.0,0
940,2019-11-05,0.0,0.73,0,167892,0.0,0
939,2019-11-04,0.0,0.72,0,167892,0.0,0
938,2019-11-01,0.0,0.7,0,167892,0.0,0
937,2019-10-31,0.0,0.73,0,167892,0.0,0
936,2019-10-30,0.0,0.73,0,167892,0.0,0
935,2019-10-29,0.0,0.76,0,167892,0.0,0
934,2019-10-28,0.0,0.76,0,167892,0.0,0
933,2019-10-25,0.0,0.75,0,167892,0.0,0
932,2019-10-24,0.0,0.74,0,167892,0.0,0
931,2019-10-23,0.0,0.74,0,167892,0.0,0
930,2019-10-22,0.0,0.75,0,167892,0.0,0
929,2019-10-21,0.0,0.72,0,167892,0.0,0
928,2019-10-18,0.0,0.72,0,167892,0.0,0
927,2019-10-17,0.0,0.73,0,167892,0.0,0
926,2019-10-16,0.0,0.75,0,167892,0.0,0
925,2019-10-15,0.0,0.75,0,167892,0.0,0
924,2019-10-14,0.0,0.77,0,167892,0.0,0
923,2019-10-11,0.0,0.76,0,167892,0.0,0
922,2019-10-10,0.0,0.76,0,167892,0.0,0
921,2019-10-08,0.0,0.75,0,167892,0.0,0
920,2019-10-07,0.0,0.73,0,167892,0.0,0
919,2019-10-04,0.0,0.73,0,167892,0.0,0
918,2019-10-02,0.0,0.74,0,167892,0.0,0
917,2019-10-01,0.0,0.75,0,167892,0.0,0
916,2019-09-30,0.0,0.74,0,167892,0.0,0
915,2019-09-27,0.0,0.73,0,167892,0.0,0
914,2019-09-26,0.0,0.74,0,167892,0.0,0
913,2019-09-25,0.0,0.74,0,167892,0.0,0
912,2019-09-24,0.0,0.75,0,167892,0.0,0
911,2019-09-23,0.0,0.74,0,167892,0.0,0
910,2019-09-20,0.0,0.74,0,167892,0.0,0
909,2019-09-19,0.0,0.72,0,167892,0.0,0
908,2019-09-18,0.0,0.74,0,167892,0.0,0
907,2019-09-17,0.0,0.74,0,167892,0.0,0
906,2019-09-16,0.0,0.74,0,167892,0.0,0
905,2019-09-11,0.0,0.73,0,167892,0.0,0
904,2019-09-10,0.0,0.71,0,167892,0.0,0
903,2019-09-09,0.0,0.71,0,167892,0.0,0
902,2019-09-06,0.0,0.71,0,167892,0.0,0
901,2019-09-05,0.0,0.68,0,167892,0.0,0
900,2019-09-04,0.0,0.67,0,167892,0.0,0
899,2019-09-03,0.0,0.66,0,167892,0.0,0
898,2019-09-02,0.0,0.66,0,167892,0.0,0
897,2019-08-30,0.0,0.66,0,167892,0.0,0
896,2019-08-29,0.0,0.63,0,167892,0.0,0
895,2019-08-28,0.0,0.62,0,167892,0.0,0
894,2019-08-27,0.0,0.63,0,167892,0.0,0
893,2019-08-26,0.0,0.63,0,167892,0.0,0
892,2019-08-23,0.0,0.65,0,167892,0.0,0
891,2019-08-22,0.0,0.64,0,167892,0.0,0
890,2019-08-21,0.0,0.64,0,167892,0.0,0
889,2019-08-20,0.0,0.65,0,167892,0.0,0
888,2019-08-19,0.0,0.61,0,167892,0.0,0
887,2019-08-16,0.0,0.57,0,167892,0.0,0
886,2019-08-14,0.0,0.57,0,167892,0.0,0
885,2019-08-13,0.0,0.57,0,167892,0.0,0
884,2019-08-12,0.0,0.57,0,167892,0.0,0
883,2019-08-09,0.0,0.58,0,167892,0.0,0
882,2019-08-08,0.0,0.56,0,167892,0.0,0
881,2019-08-07,0.0,0.56,0,167892,0.0,0
880,2019-08-06,0.0,0.58,0,167892,0.0,0
879,2019-08-05,0.0,0.59,0,167892,0.0,0
878,2019-08-02,0.0,0.61,0,167892,0.0,0
877,2019-08-01,0.0,0.64,0,167892,0.0,0
876,2019-07-31,0.0,0.65,0,167892,0.0,0
875,2019-07-30,0.0,0.63,0,167892,0.0,0
874,2019-07-29,0.0,0.63,0,167892,0.0,0
873,2019-07-26,0.0,0.62,0,167892,0.0,0
872,2019-07-25,0.0,0.61,0,167892,0.0,0
871,2019-07-24,0.0,0.65,0,167892,0.0,0
870,2019-07-23,0.0,0.64,0,167892,0.0,0
869,2019-07-22,0.0,0.65,0,167892,0.0,0
868,2019-07-19,0.0,0.66,0,167892,0.0,0
867,2019-07-18,0.0,0.66,0,167892,0.0,0
866,2019-07-17,0.0,0.67,0,167892,0.0,0
865,2019-07-16,0.0,0.68,0,167892,0.0,0
864,2019-07-15,0.0,0.68,0,167892,0.0,0
863,2019-07-12,0.0,0.68,0,167892,0.0,0
862,2019-07-11,0.0,0.68,0,167892,0.0,0
861,2019-07-10,0.0,0.67,0,167892,0.0,0
860,2019-07-09,0.0,0.67,0,167892,0.0,0
859,2019-07-08,0.0,0.69,0,167892,0.0,0
858,2019-07-05,0.0,0.7,0,167892,0.0,0
857,2019-07-04,0.0,0.69,0,167892,0.0,0
856,2019-07-03,0.0,0.68,0,167892,0.0,0
855,2019-07-02,0.0,0.7,0,167892,0.0,0
854,2019-07-01,0.0,0.71,0,167892,0.0,0
853,2019-06-28,0.0,0.71,0,167892,0.0,0
852,2019-06-27,0.0,0.72,0,167892,0.0,0
851,2019-06-26,0.0,0.71,0,167892,0.0,0
850,2019-06-25,0.0,0.72,0,167892,0.0,0
849,2019-06-24,0.0,0.73,0,167892,0.0,0
848,2019-06-21,0.0,0.73,0,167892,0.0,0
847,2019-06-20,0.0,0.72,0,167892,0.0,0
846,2019-06-19,0.0,0.71,0,167892,0.0,0
845,2019-06-18,0.0,0.7,0,167892,0.0,0
844,2019-06-17,0.0,0.71,0,167892,0.0,0
843,2019-06-14,0.0,0.73,0,167892,0.0,0
842,2019-06-13,0.0,0.72,0,167892,0.0,0
841,2019-06-12,0.0,0.71,0,167892,0.0,0
840,2019-06-11,0.0,0.7,0,167892,0.0,0
839,2019-06-10,0.0,0.7,0,167892,0.0,0
838,2019-06-07,0.0,0.69,0,167892,0.0,0
837,2019-06-05,0.0,0.7,0,167892,0.0,0
836,2019-06-04,0.0,0.71,0,167892,0.0,0
835,2019-06-03,0.0,0.69,0,167892,0.0,0
834,2019-05-31,0.0,0.7,0,167892,0.0,0
833,2019-05-30,0.0,0.69,0,167892,0.0,0
832,2019-05-29,0.0,0.66,0,167892,0.0,0
831,2019-05-28,0.0,0.68,0,167892,0.0,0
830,2019-05-27,0.0,0.66,0,167892,0.0,0
829,2019-05-24,0.0,0.66,0,167892,0.0,0
828,2019-05-23,0.0,0.66,0,167892,0.0,0
827,2019-05-22,0.0,0.65,0,167892,0.0,0
826,2019-05-21,0.0,0.64,0,167892,0.0,0
825,2019-05-20,0.0,0.63,0,167892,0.0,0
824,2019-05-17,0.0,0.65,0,167892,0.0,0
823,2019-05-16,0.0,0.65,0,167892,0.0,0
822,2019-05-15,0.0,0.66,0,167892,0.0,0
821,2019-05-14,0.0,0.65,0,167892,0.0,0
820,2019-05-13,0.0,0.66,0,167892,0.0,0
819,2019-05-10,0.0,0.69,0,167892,0.0,0
818,2019-05-09,0.0,0.69,0,167892,0.0,0
817,2019-05-08,0.0,0.72,0,167892,0.0,0
816,2019-05-07,0.0,0.73,0,167892,0.0,0
815,2019-05-03,0.0,0.75,0,167892,0.0,0
814,2019-05-02,0.0,0.77,0,167892,0.0,0
813,2019-04-30,2.91,0.66,42777,187375,0.0,0
812,2019-04-29,2.96,0.68,42777,187375,0.0,0
811,2019-04-26,2.88,0.66,42777,187375,0.0,0
810,2019-04-25,2.85,0.65,42777,187375,0.0,0
809,2019-04-24,2.9,0.66,42777,187375,0.0,0
808,2019-04-23,2.97,0.68,42777,187375,0.0,0
807,2019-04-22,2.81,0.64,42777,187375,0.0,0
806,2019-04-19,2.83,0.65,42777,187375,0.0,0
805,2019-04-18,2.83,0.65,42777,187375,0.0,0
804,2019-04-17,2.88,0.66,42777,187375,0.0,0
803,2019-04-16,2.89,0.66,42777,187375,0.0,0
802,2019-04-15,2.86,0.65,42777,187375,0.0,0
801,2019-04-12,2.81,0.64,42777,187375,0.0,0
800,2019-04-11,2.77,0.63,42777,187375,0.0,0
799,2019-04-10,2.79,0.64,42777,187375,0.0,0
798,2019-04-09,2.84,0.65,42777,187375,0.0,0
797,2019-04-08,2.85,0.65,42777,187375,0.0,0
796,2019-04-05,2.88,0.66,42777,187375,0.0,0
795,2019-04-04,2.82,0.64,42777,187375,0.0,0
794,2019-04-03,2.85,0.65,42777,187375,0.0,0
793,2019-04-02,2.78,0.64,42777,187375,0.0,0
792,2019-04-01,2.81,0.64,42777,187375,0.0,0
791,2019-03-29,2.78,0.64,42777,187375,0.0,0
790,2019-03-28,2.71,0.62,42777,187375,0.0,0
789,2019-03-27,2.74,0.62,42777,187375,0.0,0
788,2019-03-26,2.77,0.63,42777,187375,0.0,0
787,2019-03-25,2.72,0.62,42777,187375,0.0,0
786,2019-03-22,2.95,0.67,42777,187375,0.0,0
785,2019-03-21,2.97,0.68,42777,187375,0.0,0
784,2019-03-20,2.99,0.68,42777,187375,0.0,0
783,2019-03-19,3.03,0.69,42777,187375,0.0,0
782,2019-03-18,3.04,0.69,42777,187375,0.0,0
781,2019-03-15,3.03,0.69,42777,187375,0.0,0
780,2019-03-14,2.92,0.67,42777,187375,0.0,0
779,2019-03-13,2.9,0.66,42777,187375,0.0,0
778,2019-03-12,2.95,0.67,42777,187375,0.0,0
777,2019-03-11,2.93,0.67,42777,187375,0.0,0
776,2019-03-08,2.93,0.67,42777,187375,0.0,0
775,2019-03-07,3.05,0.7,42777,187375,0.0,0
774,2019-03-06,3.14,0.72,42777,187375,0.0,0
773,2019-03-05,3.12,0.71,42777,187375,0.0,0
772,2019-03-04,3.09,0.7,42777,187375,0.0,0
771,2019-02-28,3.07,0.7,42777,187375,0.0,0
770,2019-02-27,3.05,0.7,42777,187375,0.0,0
769,2019-02-26,3.04,0.69,42777,187375,0.0,0
768,2019-02-25,3.11,0.71,42777,187375,0.0,0
767,2019-02-22,3.12,0.71,42777,187375,0.0,0
766,2019-02-21,3.09,0.7,42777,187375,0.0,0
765,2019-02-20,3.02,0.69,42777,187375,0.0,0
764,2019-02-19,2.99,0.68,42777,187375,0.0,0
763,2019-02-18,3.0,0.69,42777,187375,0.0,0
762,2019-02-15,2.95,0.67,42777,187375,0.0,0
761,2019-02-14,2.91,0.66,42777,187375,0.0,0
760,2019-02-13,2.97,0.68,42777,187375,0.0,0
759,2019-02-12,3.05,0.7,42777,187375,0.0,0
758,2019-02-11,3.07,0.7,42777,187375,0.0,0
757,2019-02-08,2.99,0.68,42777,187375,0.0,0
756,2019-02-07,2.99,0.68,42777,187375,0.0,0
755,2019-02-01,2.99,0.68,42777,187375,0.0,0
754,2019-01-31,3.24,0.74,42777,187375,0.0,0
753,2019-01-30,3.38,0.77,42777,187375,0.0,0
752,2019-01-29,3.35,0.77,42777,187375,0.0,0
751,2019-01-28,3.33,0.76,42777,187375,0.0,0
750,2019-01-25,3.25,0.74,42777,187375,0.0,0
749,2019-01-24,3.21,0.73,42777,187375,0.0,0
748,2019-01-23,3.3,0.75,42777,187375,0.0,0
747,2019-01-22,3.33,0.76,42777,187375,0.0,0
746,2019-01-21,3.32,0.76,42777,187375,0.0,0
745,2019-01-18,3.26,0.74,42777,187375,0.0,0
744,2019-01-17,3.17,0.72,42777,187375,0.0,0
743,2019-01-16,3.19,0.73,42777,187375,0.0,0
742,2019-01-15,3.24,0.74,42777,187375,0.0,0
741,2019-01-14,3.16,0.72,42777,187375,0.0,0
740,2019-01-11,3.13,0.72,42777,187375,0.0,0
739,2019-01-10,3.16,0.72,42777,187375,0.0,0
738,2019-01-09,3.17,0.72,42777,187375,0.0,0
737,2019-01-08,3.13,0.72,42777,187375,0.0,0
736,2019-01-07,3.25,0.74,42777,187375,0.0,0
735,2019-01-04,3.24,0.74,42777,187375,0.0,0
734,2019-01-03,3.07,0.7,42777,187375,0.0,0
733,2019-01-02,2.93,0.67,42777,187375,0.0,0
732,2018-12-28,3.0,0.69,42777,187375,0.0,0
731,2018-12-27,3.03,0.69,42777,187375,0.0,0
730,2018-12-26,2.91,0.66,42777,187375,0.0,0
729,2018-12-24,2.97,0.68,42777,187375,0.0,0
728,2018-12-21,2.97,0.68,42777,187375,0.0,0
727,2018-12-20,2.99,0.68,42777,187375,0.0,0
726,2018-12-19,3.11,0.71,42777,187375,0.0,0
725,2018-12-18,3.2,0.73,42777,187375,0.0,0
724,2018-12-17,3.21,0.73,42777,187375,0.0,0
723,2018-12-14,3.27,0.75,42777,187375,0.0,0
722,2018-12-13,3.34,0.76,42777,187375,0.0,0
721,2018-12-12,3.27,0.75,42777,187375,0.0,0
720,2018-12-11,3.11,0.71,42777,187375,0.0,0
719,2018-12-10,3.17,0.72,42777,187375,0.0,0
718,2018-12-07,3.17,0.72,42777,187375,0.0,0
717,2018-12-06,3.16,0.72,42777,187375,0.0,0
716,2018-12-05,3.25,0.74,42777,187375,0.0,0
715,2018-12-04,3.24,0.74,42777,187375,0.0,0
714,2018-12-03,3.14,0.72,42777,187375,0.0,0
713,2018-11-30,3.09,0.7,42777,187375,0.0,0
712,2018-11-29,3.17,0.72,42777,187375,0.0,0
711,2018-11-28,3.19,0.73,42777,187375,0.0,0
710,2018-11-27,3.1,0.71,42777,187375,0.0,0
709,2018-11-26,3.11,0.71,42777,187375,0.0,0
708,2018-11-23,3.13,0.72,42777,187375,0.0,0
707,2018-11-22,3.17,0.72,42777,187375,0.0,0
706,2018-11-21,3.2,0.73,42777,187375,0.0,0
705,2018-11-20,3.23,0.74,42777,187375,0.0,0
704,2018-11-19,3.14,0.72,42777,187375,0.0,0
703,2018-11-16,3.14,0.72,42777,187375,0.0,0
702,2018-11-15,2.99,0.68,42777,187375,0.0,0
701,2018-11-14,2.93,0.67,42777,187375,0.0,0
700,2018-11-13,3.12,0.71,42777,187375,0.0,0
699,2018-11-12,3.11,0.71,42777,187375,0.0,0
698,2018-11-09,3.02,0.69,42777,187375,0.0,0
697,2018-11-08,3.02,0.69,42777,187375,0.0,0
696,2018-11-07,2.95,0.67,42777,187375,0.0,0
695,2018-11-06,2.99,0.68,42777,187375,0.0,0
694,2018-11-05,2.84,0.65,42777,187375,0.0,0
693,2018-11-02,2.82,0.64,42777,187375,0.0,0
692,2018-11-01,2.71,0.62,42777,187375,0.0,0
691,2018-10-31,2.91,0.66,42777,187375,0.0,0
690,2018-10-30,2.89,0.66,42777,187375,0.0,0
689,2018-10-29,2.72,0.62,42777,187375,0.0,0
688,2018-10-26,2.71,0.62,42777,187375,0.0,0
687,2018-10-25,2.76,0.63,42777,187375,0.0,0
686,2018-10-24,2.77,0.63,42777,187375,0.0,0
685,2018-10-23,2.81,0.64,42777,187375,0.0,0
684,2018-10-22,2.95,0.67,42777,187375,0.0,0
683,2018-10-19,2.95,0.67,42777,187375,0.0,0
682,2018-10-18,2.93,0.67,42777,187375,0.0,0
681,2018-10-17,3.1,0.71,42777,187375,0.0,0
680,2018-10-16,3.06,0.7,42777,187375,0.0,0
679,2018-10-15,3.09,0.7,42777,187375,0.0,0
678,2018-10-12,3.0,0.69,42777,187375,0.0,0
677,2018-10-11,2.98,0.68,42777,187375,0.0,0
676,2018-10-10,3.17,0.72,42777,187375,0.0,0
675,2018-10-08,3.12,0.71,42777,187375,0.0,0
674,2018-10-05,3.28,0.75,42777,187375,0.0,0
673,2018-10-04,3.3,0.75,42777,187375,0.0,0
672,2018-10-02,3.31,0.76,42777,187375,0.0,0
671,2018-10-01,3.19,0.73,42777,187375,0.0,0
670,2018-09-28,3.14,0.72,42777,187375,0.0,0
669,2018-09-27,3.14,0.72,42777,187375,0.0,0
668,2018-09-21,2.99,0.68,42777,187375,0.0,0
667,2018-09-20,3.04,0.69,42777,187375,0.0,0
666,2018-09-19,2.93,0.67,42777,187375,0.0,0
665,2018-09-18,3.02,0.69,42777,187375,0.0,0
664,2018-09-17,3.05,0.7,42777,187375,0.0,0
663,2018-09-14,3.03,0.69,42777,187375,0.0,0
662,2018-09-13,3.02,0.69,42777,187375,0.0,0
661,2018-09-12,2.97,0.68,42777,187375,0.0,0
660,2018-09-11,2.9,0.66,42777,187375,0.0,0
659,2018-09-10,2.92,0.67,42777,187375,0.0,0
658,2018-09-07,2.93,0.67,42777,187375,0.0,0
657,2018-09-06,2.9,0.66,42777,187375,0.0,0
656,2018-09-05,2.82,0.64,42777,187375,0.0,0
655,2018-09-04,2.77,0.63,42777,187375,0.0,0
654,2018-09-03,2.81,0.64,42777,187375,0.0,0
653,2018-08-31,2.76,0.63,42777,187375,0.0,0
652,2018-08-30,2.78,0.64,42777,187375,0.0,0
651,2018-08-29,2.81,0.64,42777,187375,0.0,0
650,2018-08-28,2.77,0.63,42777,187375,0.0,0
649,2018-08-27,2.69,0.61,42777,187375,0.0,0
648,2018-08-24,2.66,0.61,42777,187375,0.0,0
647,2018-08-23,2.69,0.61,42777,187375,0.0,0
646,2018-08-22,2.74,0.62,42777,187375,0.0,0
645,2018-08-21,2.61,0.6,42777,187375,0.0,0
644,2018-08-20,2.63,0.6,42777,187375,0.0,0
643,2018-08-17,2.41,0.55,42777,187375,0.0,0
642,2018-08-16,2.42,0.55,42777,187375,0.0,0
641,2018-08-14,2.52,0.58,42777,187375,0.0,0
640,2018-08-13,2.51,0.57,42777,187375,0.0,0
639,2018-08-10,2.58,0.59,42777,187375,0.0,0
638,2018-08-09,2.61,0.6,42777,187375,0.0,0
637,2018-08-08,2.63,0.6,42777,187375,0.0,0
636,2018-08-07,2.61,0.6,42777,187375,0.0,0
635,2018-08-06,2.59,0.59,42777,187375,0.0,0
634,2018-08-03,2.54,0.58,42777,187375,0.0,0
633,2018-08-02,2.38,0.54,42777,187375,0.0,0
632,2018-08-01,2.49,0.57,42777,187375,0.0,0
631,2018-07-31,2.49,0.57,42777,187375,0.0,0
630,2018-07-30,2.51,0.57,42777,187375,0.0,0
629,2018-07-27,2.48,0.57,42777,187375,0.0,0
628,2018-07-26,2.44,0.56,42777,187375,0.0,0
627,2018-07-25,2.3,0.53,42777,187375,0.0,0
626,2018-07-24,2.3,0.52,42777,187375,0.0,0
625,2018-07-23,2.33,0.53,42777,187375,0.0,0
624,2018-07-20,2.27,0.52,42777,187375,0.0,0
623,2018-07-19,2.23,0.51,42777,187375,0.0,0
622,2018-07-18,2.23,0.51,42777,187375,0.0,0
621,2018-07-17,2.26,0.52,42777,187375,0.0,0
620,2018-07-16,2.27,0.52,42777,187375,0.0,0
619,2018-07-13,2.23,0.51,42777,187375,0.0,0
618,2018-07-12,2.24,0.51,42777,187375,0.0,0
617,2018-07-11,2.33,0.53,42777,187375,0.0,0
616,2018-07-10,2.37,0.54,42777,187375,0.0,0
615,2018-07-09,2.37,0.54,42777,187375,0.0,0
614,2018-07-06,2.44,0.56,42777,187375,0.0,0
613,2018-07-05,2.37,0.54,42777,187375,0.0,0
612,2018-07-04,2.32,0.53,42777,187375,0.0,0
611,2018-07-03,2.34,0.53,42777,187375,0.0,0
610,2018-07-02,2.32,0.53,42777,187375,0.0,0
609,2018-06-29,2.38,0.54,42777,187375,0.0,0
608,2018-06-28,2.38,0.54,42777,187375,0.0,0
607,2018-06-27,2.34,0.53,42777,187375,0.0,0
606,2018-06-26,2.52,0.58,42777,187375,0.0,0
605,2018-06-25,2.61,0.6,42777,187375,0.0,0
604,2018-06-22,2.58,0.59,42777,187375,0.0,0
603,2018-06-21,2.49,0.57,42777,187375,0.0,0
602,2018-06-20,2.52,0.58,42777,187375,0.0,0
601,2018-06-19,2.47,0.56,42777,187375,0.0,0
600,2018-06-18,2.58,0.59,42777,187375,0.0,0
599,2018-06-15,2.69,0.61,42777,187375,0.0,0
598,2018-06-14,2.72,0.62,42777,187375,0.0,0
597,2018-06-12,2.84,0.65,42777,187375,0.0,0
596,2018-06-11,2.91,0.66,42777,187375,0.0,0
595,2018-06-08,2.84,0.65,42777,187375,0.0,0
594,2018-06-07,2.92,0.67,42777,187375,0.0,0
593,2018-06-05,2.83,0.65,42777,187375,0.0,0
592,2018-06-04,2.76,0.63,42777,187375,0.0,0
591,2018-06-01,2.7,0.62,42777,187375,0.0,0
590,2018-05-31,2.68,0.61,42777,187375,0.0,0
589,2018-05-30,2.64,0.6,42777,187375,0.0,0
588,2018-05-29,2.7,0.62,42777,187375,0.0,0
587,2018-05-28,2.7,0.62,42777,187375,0.0,0
586,2018-05-25,2.85,0.65,42777,187375,0.0,0
585,2018-05-24,2.95,0.67,42777,187375,0.0,0
584,2018-05-23,2.96,0.68,42777,187375,0.0,0
583,2018-05-21,2.99,0.68,42777,187375,0.0,0
582,2018-05-18,2.98,0.68,42777,187375,0.0,0
581,2018-05-17,2.88,0.66,42777,187375,0.0,0
580,2018-05-16,2.86,0.65,42777,187375,0.0,0
579,2018-05-15,2.9,0.66,42777,187375,0.0,0
578,2018-05-14,3.0,0.69,42777,187375,0.0,0
577,2018-05-11,2.99,0.68,42777,187375,0.0,0
576,2018-05-10,2.93,0.67,42777,187375,0.0,0
575,2018-05-09,2.91,0.66,42777,187375,0.0,0
574,2018-05-08,2.97,0.68,42777,187375,0.0,0
573,2018-05-04,2.91,0.66,42777,187375,0.0,0
572,2018-05-03,2.79,0.64,42777,187375,0.0,0
571,2018-05-02,2.81,0.64,42777,187375,0.0,0
570,2018-04-30,16.13,0.67,7407,177140,0.0,0
569,2018-04-27,16.0,0.67,7407,177140,0.0,0
568,2018-04-26,16.07,0.67,7407,177140,0.0,0
567,2018-04-25,15.19,0.64,7407,177140,0.0,0
566,2018-04-24,15.86,0.66,7407,177140,0.0,0
565,2018-04-23,16.27,0.68,7407,177140,0.0,0
564,2018-04-20,16.4,0.69,7407,177140,0.0,0
563,2018-04-19,16.27,0.68,7407,177140,0.0,0
562,2018-04-18,16.47,0.69,7407,177140,0.0,0
561,2018-04-17,16.47,0.69,7407,177140,0.0,0
560,2018-04-16,16.88,0.71,7407,177140,0.0,0
559,2018-04-13,17.42,0.73,7407,177140,0.0,0
558,2018-04-12,17.42,0.73,7407,177140,0.0,0
557,2018-04-11,17.01,0.71,7407,177140,0.0,0
556,2018-04-10,16.94,0.71,7407,177140,0.0,0
555,2018-04-09,17.08,0.71,7407,177140,0.0,0
554,2018-04-06,17.28,0.72,7407,177140,0.0,0
553,2018-04-05,17.48,0.73,7407,177140,0.0,0
552,2018-04-04,16.34,0.68,7407,177140,0.0,0
551,2018-04-03,17.01,0.71,7407,177140,0.0,0
550,2018-04-02,17.01,0.71,7407,177140,0.0,0
549,2018-03-30,17.82,0.75,7407,177140,0.0,0
548,2018-03-29,18.56,0.78,7407,177140,0.0,0
547,2018-03-28,19.37,0.81,7407,177140,0.0,0
546,2018-03-27,19.78,0.83,7407,177140,0.0,0
545,2018-03-26,19.91,0.83,7407,177140,0.0,0
544,2018-03-23,19.91,0.83,7407,177140,0.0,0
543,2018-03-22,20.12,0.84,7407,177140,0.0,0
542,2018-03-21,20.52,0.86,7407,177140,0.0,0
541,2018-03-20,19.78,0.83,7407,177140,0.0,0
540,2018-03-19,19.1,0.8,7407,177140,0.0,0
539,2018-03-16,19.24,0.8,7407,177140,0.0,0
538,2018-03-15,19.24,0.8,7407,177140,0.0,0
537,2018-03-14,18.83,0.79,7407,177140,0.0,0
536,2018-03-13,19.24,0.8,7407,177140,0.0,0
535,2018-03-12,19.64,0.82,7407,177140,0.0,0
534,2018-03-09,19.24,0.8,7407,177140,0.0,0
533,2018-03-08,19.51,0.82,7407,177140,0.0,0
532,2018-03-07,18.5,0.77,7407,177140,0.0,0
531,2018-03-06,18.77,0.78,7407,177140,0.0,0
530,2018-03-05,16.67,0.7,7407,177140,0.0,0
529,2018-03-02,17.69,0.74,7407,177140,0.0,0
528,2018-02-28,17.69,0.74,7407,177140,0.0,0
527,2018-02-27,17.42,0.73,7407,177140,0.0,0
526,2018-02-26,17.62,0.74,7407,177140,0.0,0
525,2018-02-23,17.55,0.73,7407,177140,0.0,0
524,2018-02-22,16.88,0.71,7407,177140,0.0,0
523,2018-02-21,17.28,0.72,7407,177140,0.0,0
522,2018-02-20,17.42,0.73,7407,177140,0.0,0
521,2018-02-19,18.09,0.76,7407,177140,0.0,0
520,2018-02-14,17.48,0.73,7407,177140,0.0,0
519,2018-02-13,16.88,0.71,7407,177140,0.0,0
518,2018-02-12,17.48,0.73,7407,177140,0.0,0
517,2018-02-09,17.55,0.73,7407,177140,0.0,0
516,2018-02-08,17.89,0.75,7407,177140,0.0,0
515,2018-02-07,17.21,0.72,7407,177140,0.0,0
514,2018-02-06,17.75,0.74,7407,177140,0.0,0
513,2018-02-05,17.82,0.75,7407,177140,0.0,0
512,2018-02-02,18.77,0.78,7407,177140,0.0,0
511,2018-02-01,18.9,0.79,7407,177140,0.0,0
510,2018-01-31,18.77,0.78,7407,177140,0.0,0
509,2018-01-30,18.5,0.77,7758,185544,0.0,0
508,2018-01-29,18.43,0.77,7758,185544,0.0,0
507,2018-01-26,18.3,0.77,7758,185544,0.0,0
506,2018-01-25,18.24,0.76,7758,185544,0.0,0
505,2018-01-24,18.17,0.76,7758,185544,0.0,0
504,2018-01-23,18.11,0.76,7758,185544,0.0,0
503,2018-01-22,17.53,0.73,7758,185544,0.0,0
502,2018-01-19,17.21,0.72,7758,185544,0.0,0
501,2018-01-18,17.34,0.72,7758,185544,0.0,0
500,2018-01-17,17.27,0.72,7758,185544,0.0,0
499,2018-01-16,17.53,0.73,7758,185544,0.0,0
498,2018-01-15,17.4,0.73,7758,185544,0.0,0
497,2018-01-12,16.89,0.71,7758,185544,0.0,0
496,2018-01-11,16.89,0.71,7758,185544,0.0,0
495,2018-01-10,16.5,0.69,7758,185544,0.0,0
494,2018-01-09,15.92,0.67,7758,185544,0.0,0
493,2018-01-08,15.98,0.67,7758,185544,0.0,0
492,2018-01-05,15.85,0.66,7758,185544,0.0,0
491,2018-01-04,16.05,0.67,7758,185544,0.0,0
490,2018-01-03,15.08,0.63,7758,185544,0.0,0
489,2018-01-02,13.86,0.58,7758,185544,0.0,0
488,2017-12-28,12.95,0.54,7758,185544,0.0,0
487,2017-12-27,12.49,0.52,7758,185544,0.0,0
486,2017-12-26,17.53,0.73,7758,185544,0.0,0
485,2017-12-22,17.27,0.72,7758,185544,0.0,0
484,2017-12-21,17.34,0.72,7758,185544,0.0,0
483,2017-12-20,17.66,0.74,7758,185544,0.0,0
482,2017-12-19,17.14,0.72,7758,185544,0.0,0
481,2017-12-18,17.34,0.72,7758,185544,0.0,0
480,2017-12-15,17.4,0.73,7758,185544,0.0,0
479,2017-12-14,17.08,0.71,7758,185544,0.0,0
478,2017-12-13,17.27,0.72,7758,185544,0.0,0
477,2017-12-12,16.69,0.7,7758,185544,0.0,0
476,2017-12-11,16.63,0.7,7758,185544,0.0,0
475,2017-12-08,16.31,0.68,7758,185544,0.0,0
474,2017-12-07,17.59,0.74,7758,185544,0.0,0
473,2017-12-06,18.5,0.77,7758,185544,0.0,0
472,2017-12-05,19.72,0.82,7758,185544,0.0,0
471,2017-12-04,19.01,0.79,7758,185544,0.0,0
470,2017-12-01,18.88,0.79,7758,185544,0.0,0
469,2017-11-30,19.08,0.8,7758,185544,0.0,0
468,2017-11-29,19.01,0.79,7758,185544,0.0,0
467,2017-11-28,18.95,0.79,7758,185544,0.0,0
466,2017-11-27,18.69,0.78,7758,185544,0.0,0
465,2017-11-24,18.82,0.79,7758,185544,0.0,0
464,2017-11-23,18.95,0.79,7758,185544,0.0,0
463,2017-11-22,18.95,0.79,7758,185544,0.0,0
462,2017-11-21,18.69,0.78,7758,185544,0.0,0
461,2017-11-20,18.95,0.79,7758,185544,0.0,0
460,2017-11-17,19.53,0.82,7758,185544,0.0,0
459,2017-11-16,19.14,0.8,7758,185544,0.0,0
458,2017-11-15,19.01,0.79,7758,185544,0.0,0
457,2017-11-14,19.4,0.81,7758,185544,0.0,0
456,2017-11-13,19.21,0.8,7758,185544,0.0,0
455,2017-11-10,20.3,0.85,7758,185544,0.0,0
454,2017-11-09,20.82,0.87,7758,185544,0.0,0
453,2017-11-08,21.01,0.88,7758,185544,0.0,0
452,2017-11-07,21.14,0.88,7758,185544,0.0,0
451,2017-11-06,20.3,0.85,7758,185544,0.0,0
450,2017-11-03,20.56,0.86,7758,185544,0.0,0
449,2017-11-02,20.17,0.84,7758,185544,0.0,0
448,2017-11-01,20.04,0.84,7758,185544,0.0,0
447,2017-10-31,20.17,0.84,7758,185544,0.0,0
446,2017-10-30,19.33,0.81,7758,185544,0.0,0
445,2017-10-27,19.53,0.82,7758,185544,0.0,0
444,2017-10-26,19.01,0.79,7758,185544,0.0,0
443,2017-10-25,19.08,0.8,7758,185544,0.0,0
442,2017-10-24,18.95,0.79,7758,185544,0.0,0
441,2017-10-23,19.08,0.8,7758,185544,0.0,0
440,2017-10-20,19.53,0.82,7758,185544,0.0,0
439,2017-10-19,19.59,0.82,7758,185544,0.0,0
438,2017-10-18,18.95,0.79,7758,185544,0.0,0
437,2017-10-17,19.21,0.8,7758,185544,0.0,0
436,2017-10-16,19.79,0.83,7758,185544,0.0,0
435,2017-10-13,19.59,0.82,7758,185544,0.0,0
434,2017-10-12,19.27,0.81,7758,185544,0.0,0
433,2017-10-11,19.08,0.8,7758,185544,0.0,0
432,2017-10-10,18.88,0.79,7758,185544,0.0,0
431,2017-09-29,18.69,0.78,7758,185544,0.0,0
430,2017-09-28,18.24,0.76,7758,185544,0.0,0
429,2017-09-27,18.3,0.77,7758,185544,0.0,0
428,2017-09-26,18.95,0.79,7758,185544,0.0,0
427,2017-09-25,17.92,0.75,7758,185544,0.0,0
426,2017-09-22,18.3,0.77,7758,185544,0.0,0
425,2017-09-21,18.5,0.77,7758,185544,0.0,0
424,2017-09-20,18.88,0.79,7758,185544,0.0,0
423,2017-09-19,19.14,0.8,7758,185544,0.0,0
422,2017-09-18,17.79,0.74,7758,185544,0.0,0
421,2017-09-15,18.17,0.76,7758,185544,0.0,0
420,2017-09-14,17.59,0.74,7758,185544,0.0,0
419,2017-09-13,17.59,0.74,7758,185544,0.0,0
418,2017-09-12,17.59,0.74,7758,185544,0.0,0
417,2017-09-11,17.4,0.73,7758,185544,0.0,0
416,2017-09-08,17.79,0.74,7758,185544,0.0,0
415,2017-09-07,17.79,0.74,7758,185544,0.0,0
414,2017-09-06,17.66,0.74,7758,185544,0.0,0
413,2017-09-05,18.37,0.77,7758,185544,0.0,0
412,2017-09-04,18.24,0.76,7758,185544,0.0,0
411,2017-09-01,18.43,0.77,7758,185544,0.0,0
410,2017-08-31,19.14,0.8,7758,185544,0.0,0
409,2017-08-30,19.14,0.8,7758,185544,0.0,0
408,2017-08-29,19.4,0.81,7758,185544,0.0,0
407,2017-08-28,19.53,0.82,7758,185544,0.0,0
406,2017-08-25,19.59,0.82,7758,185544,0.0,0
405,2017-08-24,19.33,0.81,7758,185544,0.0,0
404,2017-08-23,19.46,0.81,7758,185544,0.0,0
403,2017-08-22,19.33,0.81,7758,185544,0.0,0
402,2017-08-21,19.14,0.8,7758,185544,0.0,0
401,2017-08-18,20.11,0.84,7758,185544,0.0,0
400,2017-08-17,20.82,0.87,7758,185544,0.0,0
399,2017-08-16,20.88,0.87,7758,185544,0.0,0
398,2017-08-14,21.66,0.91,7758,185544,0.0,0
397,2017-08-11,21.72,0.91,7758,185544,0.0,0
396,2017-08-10,22.36,0.94,7758,185544,0.0,0
395,2017-08-09,21.98,0.92,7758,185544,0.0,0
394,2017-08-08,22.24,0.93,7758,185544,0.0,0
393,2017-08-07,22.49,0.94,7758,185544,0.0,0
392,2017-08-04,22.69,0.95,7758,185544,0.0,0
391,2017-08-03,22.94,0.96,7758,185544,0.0,0
390,2017-08-02,22.88,0.96,7758,185544,0.0,0
389,2017-08-01,23.52,0.98,7758,185544,0.0,0
388,2017-07-31,22.49,0.94,7758,185544,0.0,0
387,2017-07-28,23.2,0.97,7758,185544,0.0,0
386,2017-07-27,23.33,0.98,7758,185544,0.0,0
385,2017-07-26,23.2,0.97,7758,185544,0.0,0
384,2017-07-25,22.56,0.94,7758,185544,0.0,0
383,2017-07-24,22.43,0.94,7758,185544,0.0,0
382,2017-07-21,22.88,0.96,7758,185544,0.0,0
381,2017-07-20,22.49,0.94,7758,185544,0.0,0
380,2017-07-19,21.91,0.92,7758,185544,0.0,0
379,2017-07-18,21.72,0.91,7758,185544,0.0,0
378,2017-07-17,21.91,0.92,7758,185544,0.0,0
377,2017-07-14,21.72,0.91,7758,185544,0.0,0
376,2017-07-13,21.4,0.89,7758,185544,0.0,0
375,2017-07-12,21.14,0.88,7758,185544,0.0,0
374,2017-07-11,21.4,0.89,7758,185544,0.0,0
373,2017-07-10,22.11,0.92,7758,185544,0.0,0
372,2017-07-07,22.43,0.94,7758,185544,0.0,0
371,2017-07-06,22.17,0.93,7758,185544,0.0,0
370,2017-07-05,22.24,0.93,7758,185544,0.0,0
369,2017-07-04,22.43,0.94,7758,185544,0.0,0
368,2017-07-03,22.56,0.94,7758,185544,0.0,0
367,2017-06-30,22.75,0.95,7758,185544,0.0,0
366,2017-06-29,22.69,0.95,7758,185544,0.0,0
365,2017-06-28,22.11,0.92,7758,185544,0.0,0
364,2017-06-27,22.24,0.93,7758,185544,0.0,0
363,2017-06-26,22.36,0.94,7758,185544,0.0,0
362,2017-06-23,22.49,0.94,7758,185544,0.0,0
361,2017-06-22,22.36,0.94,7758,185544,0.0,0
360,2017-06-21,22.43,0.94,7758,185544,0.0,0
359,2017-06-20,22.49,0.94,7758,185544,0.0,0
358,2017-06-19,23.2,0.97,7758,185544,0.0,0
357,2017-06-16,23.52,0.98,7758,185544,0.0,0
356,2017-06-15,24.04,1.01,7758,185544,0.0,0
355,2017-06-14,24.04,1.01,7758,185544,0.0,0
354,2017-06-13,23.78,0.99,7758,185544,0.0,0
353,2017-06-12,22.82,0.95,7758,185544,0.0,0
352,2017-06-09,22.82,0.95,7758,185544,0.0,0
351,2017-06-08,22.75,0.95,7758,185544,0.0,0
350,2017-06-07,22.17,0.93,7758,185544,0.0,0
349,2017-06-05,22.49,0.94,7758,185544,0.0,0
348,2017-06-02,22.43,0.94,7758,185544,0.0,0
347,2017-06-01,23.01,0.96,7758,185544,0.0,0
346,2017-05-31,22.3,0.93,7758,185544,0.0,0
345,2017-05-30,22.62,0.95,7758,185544,0.0,0
344,2017-05-29,22.75,0.95,7758,185544,0.0,0
343,2017-05-26,23.07,0.96,7758,185544,0.0,0
342,2017-05-25,23.01,0.96,7758,185544,0.0,0
341,2017-05-24,22.24,0.93,7758,185544,0.0,0
340,2017-05-23,22.3,0.93,7758,185544,0.0,0
339,2017-05-22,21.59,0.9,7758,185544,0.0,0
338,2017-05-19,21.53,0.9,7758,185544,0.0,0
337,2017-05-18,21.46,0.9,7758,185544,0.0,0
336,2017-05-17,22.04,0.92,7758,185544,0.0,0
335,2017-05-16,21.78,0.91,7758,185544,0.0,0
334,2017-05-15,21.91,0.92,7758,185544,0.0,0
333,2017-05-12,21.78,0.91,7758,185544,0.0,0
332,2017-05-11,22.62,0.95,7758,185544,0.0,0
331,2017-05-10,23.27,0.97,7758,185544,0.0,0
330,2017-05-08,18.82,0.79,8768,209690,0.0,0
329,2017-05-04,18.82,0.79,8768,209690,0.0,0
328,2017-05-02,18.82,0.79,8768,209690,0.0,0
327,2017-04-28,0.0,0.91,0,180738,0.0,0
326,2017-04-27,0.0,0.91,0,180738,0.0,0
325,2017-04-26,0.0,0.91,0,180738,0.0,0
324,2017-04-25,0.0,0.91,0,180738,0.0,0
323,2017-04-24,0.0,0.91,0,180738,0.0,0
322,2017-04-21,0.0,0.91,0,180738,0.0,0
321,2017-04-20,0.0,0.91,0,180738,0.0,0
320,2017-04-19,0.0,0.91,0,180738,0.0,0
319,2017-04-18,0.0,0.91,0,180738,0.0,0
318,2017-04-17,0.0,0.91,0,180738,0.0,0
317,2017-04-14,0.0,0.91,0,180738,0.0,0
316,2017-04-13,0.0,0.91,0,180738,0.0,0
315,2017-04-12,0.0,0.91,0,180738,0.0,0
314,2017-04-11,0.0,0.91,0,180738,0.0,0
313,2017-04-10,0.0,0.91,0,180738,0.0,0
312,2017-04-07,0.0,0.91,0,180738,0.0,0
311,2017-04-06,0.0,0.91,0,180738,0.0,0
310,2017-04-05,0.0,0.91,0,180738,0.0,0
309,2017-04-04,0.0,0.91,0,180738,0.0,0
308,2017-04-03,0.0,0.91,0,180738,0.0,0
307,2017-03-31,0.0,0.91,0,180738,0.0,0
306,2017-03-30,0.0,0.91,0,180738,0.0,0
305,2017-03-29,0.0,0.91,0,180738,0.0,0
304,2017-03-28,0.0,0.93,0,180738,0.0,0
303,2017-03-27,0.0,0.95,0,180738,0.0,0
302,2017-03-24,0.0,0.97,0,180738,0.0,0
301,2017-03-23,0.0,0.98,0,180738,0.0,0
300,2017-03-22,0.0,0.96,0,180738,0.0,0
299,2017-03-21,0.0,0.97,0,180738,0.0,0
298,2017-03-20,0.0,0.99,0,180738,0.0,0
297,2017-03-17,0.0,0.98,0,180738,0.0,0
296,2017-03-16,0.0,0.98,0,180738,0.0,0
295,2017-03-15,0.0,0.92,0,180738,0.0,0
294,2017-03-14,0.0,0.92,0,180738,0.0,0
293,2017-03-13,0.0,0.93,0,180738,0.0,0
292,2017-03-10,0.0,0.92,0,180738,0.0,0
291,2017-03-09,0.0,0.92,0,180738,0.0,0
290,2017-03-08,0.0,0.94,0,180738,0.0,0
289,2017-03-07,0.0,0.95,0,180738,0.0,0
288,2017-03-06,0.0,0.92,0,180738,0.0,0
287,2017-03-03,0.0,0.93,0,180738,0.0,0
286,2017-03-02,0.0,0.92,0,180738,0.0,0
285,2017-02-28,0.0,0.91,0,180738,0.0,0
284,2017-02-27,0.0,0.87,0,180738,0.0,0
283,2017-02-24,0.0,0.86,0,180738,0.0,0
282,2017-02-23,0.0,0.87,0,180738,0.0,0
281,2017-02-22,0.0,0.87,0,180738,0.0,0
280,2017-02-21,0.0,0.85,0,180738,0.0,0
279,2017-02-20,0.0,0.82,0,180738,0.0,0
278,2017-02-17,0.0,0.8,0,180738,0.0,0
277,2017-02-16,0.0,0.81,0,180738,0.0,0
276,2017-02-15,0.0,0.82,0,180738,0.0,0
275,2017-02-14,0.0,0.81,0,180738,0.0,0
274,2017-02-13,0.0,0.82,0,180738,0.0,0
273,2017-02-10,0.0,0.81,0,180738,0.0,0
272,2017-02-09,0.0,0.81,0,180738,0.0,0
271,2017-02-08,0.0,0.8,0,180738,0.0,0
270,2017-02-07,0.0,0.79,0,180738,0.0,0
269,2017-02-06,0.0,0.79,0,180738,0.0,0
268,2017-02-03,0.0,0.78,0,180738,0.0,0
267,2017-02-02,0.0,0.78,0,180738,0.0,0
266,2017-02-01,0.0,0.77,0,180738,0.0,0
265,2017-01-31,0.0,0.73,0,180738,0.0,0
264,2017-01-26,0.0,0.76,0,180738,0.0,0
263,2017-01-25,0.0,0.75,0,180738,0.0,0
262,2017-01-24,0.0,0.77,0,180738,0.0,0
261,2017-01-23,0.0,0.77,0,180738,0.0,0
260,2017-01-20,0.0,0.77,0,180738,0.0,0
259,2017-01-19,0.0,0.77,0,180738,0.0,0
258,2017-01-18,0.0,0.79,0,180738,0.0,0
257,2017-01-17,0.0,0.79,0,180738,0.0,0
256,2017-01-16,0.0,0.78,0,180738,0.0,0
255,2017-01-13,0.0,0.79,0,180738,0.0,0
254,2017-01-12,0.0,0.79,0,180738,0.0,0
253,2017-01-11,0.0,0.79,0,180738,0.0,0
252,2017-01-10,0.0,0.77,0,180738,0.0,0
251,2017-01-09,0.0,0.77,0,180738,0.0,0
250,2017-01-06,0.0,0.77,0,180738,0.0,0
249,2017-01-05,0.0,0.77,0,180738,0.0,0
248,2017-01-04,0.0,0.76,0,180738,0.0,0
247,2017-01-03,0.0,0.8,0,180738,0.0,0
246,2017-01-02,0.0,0.82,0,180738,0.0,0
245,2016-12-29,0.0,0.81,0,180738,0.0,0
244,2016-12-28,0.0,0.82,0,180738,0.0,0
243,2016-12-27,0.0,0.8,0,180738,0.0,0
242,2016-12-26,0.0,0.81,0,180738,0.0,0
241,2016-12-23,0.0,0.82,0,180738,0.0,0
240,2016-12-22,0.0,0.82,0,180738,0.0,0
239,2016-12-21,0.0,0.84,0,180738,0.0,0
238,2016-12-20,0.0,0.83,0,180738,0.0,0
237,2016-12-19,0.0,0.83,0,180738,0.0,0
236,2016-12-16,0.0,0.83,0,180738,0.0,0
235,2016-12-15,0.0,0.84,0,180738,0.0,0
234,2016-12-14,0.0,0.85,0,180738,0.0,0
233,2016-12-13,0.0,0.87,0,180738,0.0,0
232,2016-12-12,0.0,0.87,0,180738,0.0,0
231,2016-12-09,0.0,0.84,0,180738,0.0,0
230,2016-12-08,0.0,0.85,0,180738,0.0,0
229,2016-12-07,0.0,0.83,0,180738,0.0,0
228,2016-12-06,0.0,0.85,0,180738,0.0,0
227,2016-12-05,0.0,0.83,0,180738,0.0,0
226,2016-12-02,0.0,0.84,0,180738,0.0,0
225,2016-12-01,0.0,0.83,0,180738,0.0,0
224,2016-11-30,0.0,0.79,0,180738,0.0,0
223,2016-11-29,0.0,0.79,0,180738,0.0,0
222,2016-11-28,0.0,0.82,0,180738,0.0,0
221,2016-11-25,0.0,0.82,0,180738,0.0,0
220,2016-11-24,0.0,0.84,0,180738,0.0,0
219,2016-11-23,0.0,0.86,0,180738,0.0,0
218,2016-11-22,0.0,0.85,0,180738,0.0,0
217,2016-11-21,0.0,0.86,0,180738,0.0,0
216,2016-11-18,0.0,0.87,0,180738,0.0,0
215,2016-11-17,0.0,0.87,0,180738,0.0,0
214,2016-11-16,0.0,0.85,0,180738,0.0,0
213,2016-11-15,0.0,0.81,0,180738,0.0,0
212,2016-11-14,0.0,0.82,0,180738,0.0,0
211,2016-11-11,0.0,0.8,0,180738,0.0,0
210,2016-11-10,0.0,0.81,0,180738,0.0,0
209,2016-11-09,0.0,0.76,0,180738,0.0,0
208,2016-11-08,0.0,0.8,0,180738,0.0,0
207,2016-11-07,0.0,0.79,0,180738,0.0,0
206,2016-11-04,0.0,0.76,0,180738,0.0,0
205,2016-11-03,0.0,0.77,0,180738,0.0,0
204,2016-11-02,0.0,0.77,0,180738,0.0,0
203,2016-11-01,0.0,0.77,0,180738,0.0,0
202,2016-10-31,0.0,0.81,0,180738,0.0,0
201,2016-10-28,0.0,0.81,0,180738,0.0,0
200,2016-10-27,0.0,0.83,0,180738,0.0,0
199,2016-10-26,0.0,0.82,0,180738,0.0,0
198,2016-10-25,0.0,0.86,0,180738,0.0,0
197,2016-10-24,0.0,0.86,0,180738,0.0,0
196,2016-10-21,0.0,0.84,0,180738,0.0,0
195,2016-10-20,0.0,0.84,0,180738,0.0,0
194,2016-10-19,0.0,0.82,0,180738,0.0,0
193,2016-10-18,0.0,0.85,0,180738,0.0,0
192,2016-10-17,0.0,0.82,0,180738,0.0,0
191,2016-10-14,0.0,0.81,0,180738,0.0,0
190,2016-10-13,0.0,0.84,0,180738,0.0,0
189,2016-10-12,0.0,0.84,0,180738,0.0,0
188,2016-10-11,0.0,0.85,0,180738,0.0,0
187,2016-10-10,0.0,0.84,0,180738,0.0,0
186,2016-10-07,0.0,0.83,0,180738,0.0,0
185,2016-10-06,0.0,0.81,0,180738,0.0,0
184,2016-10-05,0.0,0.77,0,180738,0.0,0
183,2016-10-04,0.0,0.77,0,180738,0.0,0
182,2016-09-30,0.0,0.76,0,180738,0.0,0
181,2016-09-29,0.0,0.77,0,180738,0.0,0
180,2016-09-28,0.0,0.75,0,180738,0.0,0
179,2016-09-27,0.0,0.77,0,180738,0.0,0
178,2016-09-26,0.0,0.75,0,180738,0.0,0
177,2016-09-23,0.0,0.76,0,180738,0.0,0
176,2016-09-22,0.0,0.75,0,180738,0.0,0
175,2016-09-21,0.0,0.74,0,180738,0.0,0
174,2016-09-20,0.0,0.73,0,180738,0.0,0
173,2016-09-19,0.0,0.75,0,180738,0.0,0
172,2016-09-13,0.0,0.73,0,180738,0.0,0
171,2016-09-12,0.0,0.74,0,180738,0.0,0
170,2016-09-09,0.0,0.79,0,180738,0.0,0
169,2016-09-08,0.0,0.78,0,180738,0.0,0
168,2016-09-07,0.0,0.79,0,180738,0.0,0
167,2016-09-06,0.0,0.79,0,180738,0.0,0
166,2016-09-05,0.0,0.79,0,180738,0.0,0
165,2016-09-02,0.0,0.75,0,180738,0.0,0
164,2016-09-01,0.0,0.76,0,180738,0.0,0
163,2016-08-31,0.0,0.76,0,180738,0.0,0
162,2016-08-30,0.0,0.72,0,180738,0.0,0
161,2016-08-29,0.0,0.73,0,180738,0.0,0
160,2016-08-26,0.0,0.72,0,180738,0.0,0
159,2016-08-25,0.0,0.75,0,180738,0.0,0
158,2016-08-24,0.0,0.74,0,180738,0.0,0
157,2016-08-23,0.0,0.75,0,180738,0.0,0
156,2016-08-22,0.0,0.75,0,180738,0.0,0
155,2016-08-19,0.0,0.77,0,180738,0.0,0
154,2016-08-18,0.0,0.76,0,180738,0.0,0
153,2016-08-17,0.0,0.77,0,180738,0.0,0
152,2016-08-16,0.0,0.76,0,180738,0.0,0
151,2016-08-12,0.0,0.77,0,180738,0.0,0
150,2016-08-11,0.0,0.75,0,180738,0.0,0
149,2016-08-10,0.0,0.74,0,180738,0.0,0
148,2016-08-09,0.0,0.75,0,180738,0.0,0
147,2016-08-08,0.0,0.72,0,180738,0.0,0
146,2016-08-05,0.0,0.74,0,180738,0.0,0
145,2016-08-04,0.0,0.7,0,180738,0.0,0
144,2016-08-03,0.0,0.7,0,180738,0.0,0
143,2016-08-02,0.0,0.7,0,180738,0.0,0
142,2016-08-01,0.0,0.71,0,180738,0.0,0
141,2016-07-29,0.0,0.69,0,180738,0.0,0
140,2016-07-28,0.0,0.7,0,180738,0.0,0
139,2016-07-27,0.0,0.64,0,180738,0.0,0
138,2016-07-26,0.0,0.61,0,180738,0.0,0
137,2016-07-25,0.0,0.61,0,180738,0.0,0
136,2016-07-22,0.0,0.59,0,180738,0.0,0
135,2016-07-21,0.0,0.59,0,180738,0.0,0
134,2016-07-20,0.0,0.59,0,180738,0.0,0
133,2016-07-19,0.0,0.6,0,180738,0.0,0
132,2016-07-18,0.0,0.6,0,180738,0.0,0
131,2016-07-15,0.0,0.6,0,180738,0.0,0
130,2016-07-14,0.0,0.58,0,180738,0.0,0
129,2016-07-13,0.0,0.59,0,180738,0.0,0
128,2016-07-12,0.0,0.58,0,180738,0.0,0
127,2016-07-11,0.0,0.56,0,180738,0.0,0
126,2016-07-08,0.0,0.56,0,180738,0.0,0
125,2016-07-07,0.0,0.56,0,180738,0.0,0
124,2016-07-06,0.0,0.56,0,180738,0.0,0
123,2016-07-05,0.0,0.58,0,180738,0.0,0
122,2016-07-04,0.0,0.59,0,180738,0.0,0
121,2016-07-01,0.0,0.58,0,180738,0.0,0
120,2016-06-30,0.0,0.58,0,180738,0.0,0
119,2016-06-29,0.0,0.58,0,180738,0.0,0
118,2016-06-28,0.0,0.58,0,180738,0.0,0
117,2016-06-27,0.0,0.56,0,180738,0.0,0
116,2016-06-24,0.0,0.57,0,180738,0.0,0
115,2016-06-23,0.0,0.61,0,180738,0.0,0
114,2016-06-22,0.0,0.61,0,180738,0.0,0
113,2016-06-21,0.0,0.58,0,180738,0.0,0
112,2016-06-20,0.0,0.59,0,180738,0.0,0
111,2016-06-17,0.0,0.58,0,180738,0.0,0
110,2016-06-16,0.0,0.58,0,180738,0.0,0
109,2016-06-15,0.0,0.58,0,180738,0.0,0
108,2016-06-14,0.0,0.6,0,180738,0.0,0
107,2016-06-13,0.0,0.6,0,180738,0.0,0
106,2016-06-10,0.0,0.64,0,180738,0.0,0
105,2016-06-09,0.0,0.63,0,180738,0.0,0
104,2016-06-08,0.0,0.64,0,180738,0.0,0
103,2016-06-07,0.0,0.63,0,180738,0.0,0
102,2016-06-03,0.0,0.6,0,180738,0.0,0
101,2016-06-02,0.0,0.59,0,180738,0.0,0
100,2016-06-01,0.0,0.6,0,180738,0.0,0
99,2016-05-31,0.0,0.61,0,180738,0.0,0
98,2016-05-30,0.0,0.58,0,180738,0.0,0
97,2016-05-27,0.0,0.59,0,180738,0.0,0
96,2016-05-26,0.0,0.58,0,180738,0.0,0
95,2016-05-25,0.0,0.55,0,180738,0.0,0
94,2016-05-24,0.0,0.56,0,180738,0.0,0
93,2016-05-23,0.0,0.57,0,180738,0.0,0
92,2016-05-20,0.0,0.56,0,180738,0.0,0
91,2016-05-19,0.0,0.56,0,180738,0.0,0
90,2016-05-18,0.0,0.56,0,180738,0.0,0
89,2016-05-17,0.0,0.56,0,180738,0.0,0
88,2016-05-16,0.0,0.57,0,180738,0.0,0
87,2016-05-13,0.0,0.56,0,180738,0.0,0
86,2016-05-12,0.0,0.57,0,180738,0.0,0
85,2016-05-11,0.0,0.56,0,180738,0.0,0
84,2016-05-10,0.0,0.57,0,180738,0.0,0
83,2016-05-09,0.0,0.56,0,180738,0.0,0
82,2016-05-04,0.0,0.58,0,180738,0.0,0
81,2016-05-03,0.0,0.61,0,180738,0.0,0
80,2016-05-02,0.0,0.61,0,180738,0.0,0
79,2016-04-29,0.0,0.58,0,199655,0.0,0
78,2016-04-28,0.0,0.56,0,199655,0.0,0
77,2016-04-27,0.0,0.58,0,199655,0.0,0
76,2016-04-26,0.0,0.56,0,199655,0.0,0
75,2016-04-25,0.0,0.55,0,199655,0.0,0
74,2016-04-22,0.0,0.58,0,199655,0.0,0
73,2016-04-21,0.0,0.59,0,199655,0.0,0
72,2016-04-20,0.0,0.57,0,199655,0.0,0
71,2016-04-19,0.0,0.58,0,199655,0.0,0
70,2016-04-18,0.0,0.57,0,199655,0.0,0
69,2016-04-15,0.0,0.57,0,199655,0.0,0
68,2016-04-14,0.0,0.59,0,199655,0.0,0
67,2016-04-12,0.0,0.57,0,199655,0.0,0
66,2016-04-11,0.0,0.54,0,199655,0.0,0
65,2016-04-08,0.0,0.53,0,199655,0.0,0
64,2016-04-07,0.0,0.52,0,199655,0.0,0
63,2016-04-06,0.0,0.5,0,199655,0.0,0
62,2016-04-05,0.0,0.5,0,199655,0.0,0
61,2016-04-04,0.0,0.51,0,199655,0.0,0
60,2016-04-01,0.0,0.52,0,199655,0.0,0
59,2016-03-31,0.0,0.53,0,199655,0.0,0
58,2016-03-30,0.0,0.54,0,199655,0.0,0
57,2016-03-29,0.0,0.54,0,199655,0.0,0
56,2016-03-28,0.0,0.53,0,199655,0.0,0
55,2016-03-25,0.0,0.52,0,199655,0.0,0
54,2016-03-24,0.0,0.53,0,199655,0.0,0
53,2016-03-23,0.0,0.54,0,199655,0.0,0
52,2016-03-22,0.0,0.55,0,199655,0.0,0
51,2016-03-21,0.0,0.54,0,199655,0.0,0
50,2016-03-18,0.0,0.56,0,199655,0.0,0
49,2016-03-17,0.0,0.54,0,199655,0.0,0
48,2016-03-16,0.0,0.54,0,199655,0.0,0
47,2016-03-15,0.0,0.58,0,199655,0.0,0
46,2016-03-14,0.0,0.58,0,199655,0.0,0
45,2016-03-11,0.0,0.58,0,199655,0.0,0
44,2016-03-10,0.0,0.6,0,199655,0.0,0
43,2016-03-09,0.0,0.59,0,199655,0.0,0
42,2016-03-08,0.0,0.59,0,199655,0.0,0
41,2016-03-07,0.0,0.59,0,199655,0.0,0
40,2016-03-04,0.0,0.58,0,199655,0.0,0
39,2016-03-03,0.0,0.55,0,199655,0.0,0
38,2016-03-02,0.0,0.53,0,199655,0.0,0
37,2016-02-29,0.0,0.52,0,199655,0.0,0
36,2016-02-26,0.0,0.53,0,199655,0.0,0
35,2016-02-25,0.0,0.53,0,199655,0.0,0
34,2016-02-24,0.0,0.53,0,199655,0.0,0
33,2016-02-23,0.0,0.52,0,199655,0.0,0
32,2016-02-22,0.0,0.52,0,199655,0.0,0
31,2016-02-19,0.0,0.53,0,199655,0.0,0
30,2016-02-18,0.0,0.52,0,199655,0.0,0
29,2016-02-17,0.0,0.51,0,199655,0.0,0
28,2016-02-16,0.0,0.51,0,199655,0.0,0
27,2016-02-15,0.0,0.51,0,199655,0.0,0
26,2016-02-12,0.0,0.47,0,199655,0.0,0
25,2016-02-11,0.0,0.46,0,199655,0.0,0
24,2016-02-05,0.0,0.48,0,199655,0.0,0
23,2016-02-04,0.0,0.46,0,199655,0.0,0
22,2016-02-03,0.0,0.44,0,199655,0.0,0
21,2016-02-02,0.0,0.45,0,199655,0.0,0
20,2016-02-01,0.0,0.46,0,199655,0.0,0
19,2016-01-29,0.0,0.46,0,199655,0.0,0
18,2016-01-28,0.0,0.46,0,199655,0.0,0
17,2016-01-27,0.0,0.45,0,199655,0.0,0
16,2016-01-26,0.0,0.43,0,199655,0.0,0
15,2016-01-25,0.0,0.44,0,199655,0.0,0
14,2016-01-22,0.0,0.42,0,199655,0.0,0
13,2016-01-21,0.0,0.41,0,199655,0.0,0
12,2016-01-20,0.0,0.41,0,199655,0.0,0
11,2016-01-19,0.0,0.43,0,199655,0.0,0
10,2016-01-18,0.0,0.43,0,199655,0.0,0
9,2016-01-15,0.0,0.42,0,199655,0.0,0
8,2016-01-14,0.0,0.42,0,199655,0.0,0
7,2016-01-13,0.0,0.42,0,199655,0.0,0
6,2016-01-12,0.0,0.41,0,199655,0.0,0
5,2016-01-11,0.0,0.42,0,199655,0.0,0
4,2016-01-08,0.0,0.43,0,199655,0.0,0
3,2016-01-07,0.0,0.42,0,199655,0.0,0
2,2016-01-06,0.0,0.43,0,199655,0.0,0
1,2016-01-05,0.0,0.42,0,199655,0.0,0
0,2016-01-04,0.0,0.43,0,199655,0.0,0
