,날짜,시가총액
2232,2025-02-07,15959337658000
2231,2025-02-06,16136270448000
2230,2025-02-05,15959337658000
2229,2025-02-04,16419362912000
2228,2025-02-03,15994724216000
2227,2025-01-31,16419362912000
2226,2025-01-24,16171657006000
2225,2025-01-23,15994724216000
2224,2025-01-22,17056320956000
2223,2025-01-21,17587119326000
2222,2025-01-20,17268640304000
2221,2025-01-17,17233253746000
2220,2025-01-16,17233253746000
2219,2025-01-15,17233253746000
2218,2025-01-14,16702455376000
2217,2025-01-13,16631682260000
2216,2025-01-10,16985547840000
2215,2025-01-09,16985547840000
2214,2025-01-08,16631682260000
2213,2025-01-07,16348589796000
2212,2025-01-06,15923951100000
2211,2025-01-03,15782404868000
2210,2025-01-02,16348589796000
2209,2024-12-30,16136270448000
2208,2024-12-27,16348589796000
2207,2024-12-26,16667068818000
2206,2024-12-24,15994724216000
2205,2024-12-23,16277816680000
2204,2024-12-20,15039287150000
2203,2024-12-19,15180833382000
2202,2024-12-18,14826967802000
2201,2024-12-17,14756194686000
2200,2024-12-16,14685421570000
2199,2024-12-13,14862354360000
2198,2024-12-12,14862354360000
2197,2024-12-11,14933127476000
2196,2024-12-10,13871530736000
2195,2024-12-09,13298268496400
2194,2024-12-06,13397350858800
2193,2024-12-05,13744139127200
2192,2024-12-04,13800757620000
2191,2024-12-03,13956458475200
2190,2024-12-02,13836144178000
2189,2024-11-29,14473102222000
2188,2024-11-28,14968514034000
2187,2024-11-27,15039287150000
2186,2024-11-26,15286993056000
2185,2024-11-25,15322379614000
2184,2024-11-22,14260782874000
2183,2024-11-21,14034308902800
2182,2024-11-20,14437715664000
2181,2024-11-19,14098004707200
2180,2024-11-18,13758293750400
2179,2024-11-15,13418582793600
2178,2024-11-14,13652134076400
2177,2024-11-13,13135490329600
2176,2024-11-12,13284113873200
2175,2024-11-11,13722907192400
2174,2024-11-08,13729984504000
2173,2024-11-07,13942303852000
2172,2024-11-06,13149644952800
2171,2024-11-05,12859475177200
2170,2024-11-04,12788702061200
2169,2024-11-01,12739160880000
2168,2024-10-31,12979789474400
2167,2024-10-30,13220418068800
2166,2024-10-29,13312423119600
2165,2024-10-28,13482278598000
2164,2024-10-25,14147545888400
2163,2024-10-24,13857376112800
2162,2024-10-23,13928149228800
2161,2024-10-22,13793680308400
2160,2024-10-21,13928149228800
2159,2024-10-18,13800757620000
2158,2024-10-17,13956458475200
2157,2024-10-16,13652134076400
2156,2024-10-15,13807834931600
2155,2024-10-14,13291191184800
2154,2024-10-11,13107181083200
2153,2024-10-10,13482278598000
2152,2024-10-08,13093026460000
2151,2024-10-07,13022253344000
2150,2024-10-04,13149644952800
2149,2024-10-02,12972712162800
2148,2024-09-30,13284113873200
2147,2024-09-27,13057639902000
2146,2024-09-26,14083850084000
2145,2024-09-25,13935226540400
2144,2024-09-24,13871530736000
2143,2024-09-23,13765371062000
2142,2024-09-20,14034308902800
2141,2024-09-19,13517665156000
2140,2024-09-13,12951480228000
2139,2024-09-12,12158821328800
2138,2024-09-11,12342831430400
2137,2024-09-10,12250826379600
2136,2024-09-09,12073893589600
2135,2024-09-06,12066816278000
2134,2024-09-05,11889883488000
2133,2024-09-04,12441913792800
2132,2024-09-03,12788702061200
2131,2024-09-02,12774547438000
2130,2024-08-30,13545974402400
2129,2024-08-29,13107181083200
2128,2024-08-28,13213340757200
2127,2024-08-27,13192108822400
2126,2024-08-26,13093026460000
2125,2024-08-23,13432737416800
2124,2024-08-22,13574283648800
2123,2024-08-21,14133391265200
2122,2024-08-20,14331555990000
2121,2024-08-19,14105082018800
2120,2024-08-16,13921071917200
2119,2024-08-14,13984767721600
2118,2024-08-13,13850298801200
2117,2024-08-12,14090927395600
2116,2024-08-09,14296169432000
2115,2024-08-08,14543875338000
2114,2024-08-07,13588438272000
2113,2024-08-06,13468123974800
2112,2024-08-05,12229594444800
2111,2024-08-02,14366942548000
2110,2024-08-01,15074673708000
2109,2024-07-31,14650035012000
2108,2024-07-30,14225396316000
2107,2024-07-29,14366942548000
2106,2024-07-26,14069695460800
2105,2024-07-25,13008098720800
2104,2024-07-24,13376118924000
2103,2024-07-23,13425660105200
2102,2024-07-22,13206263445600
2101,2024-07-19,12321599495600
2100,2024-07-18,12533918843600
2099,2024-07-17,12682542387200
2098,2024-07-16,12618846582800
2097,2024-07-15,11946501980800
2096,2024-07-12,11727105321200
2095,2024-07-11,11826187683600
2094,2024-07-10,11613868335600
2093,2024-07-09,11302466625200
2092,2024-07-08,11323698560000
2091,2024-07-05,11019374161200
2090,2024-07-04,11302466625200
2089,2024-07-03,11090147277200
2088,2024-07-02,11125533835200
2087,2024-07-01,11316621248400
2086,2024-06-28,11238770820800
2085,2024-06-27,11146765770000
2084,2024-06-26,10651353958000
2083,2024-06-25,10743359008800
2082,2024-06-24,10920291798800
2081,2024-06-21,10729204385600
2080,2024-06-20,10608890088400
2079,2024-06-19,10311643001200
2078,2024-06-18,9809153877600
2077,2024-06-17,9745458073200
2076,2024-06-14,9830385812400
2075,2024-06-13,9412824428000
2074,2024-06-12,9441133674400
2073,2024-06-11,9462365609200
2072,2024-06-10,9533138725200
2071,2024-06-07,9554370660000
2070,2024-06-05,9257123572800
2069,2024-06-04,9250046261200
2068,2024-06-03,9398669804800
2067,2024-05-31,9228814326400
2066,2024-05-30,9257123572800
2065,2024-05-29,9504829478800
2064,2024-05-28,9582679906400
2063,2024-05-27,9504829478800
2062,2024-05-24,9582679906400
2061,2024-05-23,9108500029200
2060,2024-05-22,9080190782800
2059,2024-05-21,9285432819200
2058,2024-05-20,9334974000400
2057,2024-05-17,9518984102000
2056,2024-05-16,9745458073200
2055,2024-05-14,9618066464400
2054,2024-05-13,9646375710800
2053,2024-05-10,9193427768400
2052,2024-05-09,9165118522000
2051,2024-05-08,9257123572800
2050,2024-05-07,9377437870000
2049,2024-05-03,9080190782800
2048,2024-05-02,9165118522000
2047,2024-04-30,9306664754000
2046,2024-04-29,9391592493200
2045,2024-04-26,9129731964000
2044,2024-04-25,9009417666800
2043,2024-04-24,9158041210400
2042,2024-04-23,8867871434800
2041,2024-04-22,8443232738800
2040,2024-04-19,8443232738800
2039,2024-04-18,8450310050400
2038,2024-04-17,7947820926800
2037,2024-04-16,7905357057200
2036,2024-04-15,8358304999600
2035,2024-04-12,8322918441600
2034,2024-04-11,8230913390800
2033,2024-04-09,8393691557600
2032,2024-04-08,8386614246000
2031,2024-04-05,8464464673600
2030,2024-04-04,8563547036000
2029,2024-04-03,8471541985200
2028,2024-04-02,8478619296800
2027,2024-04-01,8471541985200
2026,2024-03-29,8379536934400
2025,2024-03-28,8506928543200
2024,2024-03-27,8506928543200
2023,2024-03-26,8839562188400
2022,2024-03-25,8804175630400
2021,2024-03-22,8910335304400
2020,2024-03-21,9051881536400
2019,2024-03-20,9030649601600
2018,2024-03-19,8811252942000
2017,2024-03-18,8874948746400
2016,2024-03-15,8761711760800
2015,2024-03-14,8386614246000
2014,2024-03-13,7990284796400
2013,2024-03-12,8075212535600
2012,2024-03-11,8075212535600
2011,2024-03-08,7940743615200
2010,2024-03-07,8032748666000
2009,2024-03-06,7954898238400
2008,2024-03-05,7799197383200
2007,2024-03-04,7629341904800
2006,2024-02-29,7919511680400
2005,2024-02-28,8160140274800
2004,2024-02-27,8053980600800
2003,2024-02-26,7891202434000
2002,2024-02-23,8138908340000
2001,2024-02-22,8266299948800
2000,2024-02-21,8407846180800
1999,2024-02-20,8237990702400
1998,2024-02-19,8457387362000
1997,2024-02-16,8485696608400
1996,2024-02-15,8237990702400
1995,2024-02-14,8089367158800
1994,2024-02-13,8386614246000
1993,2024-02-08,8570624347600
1992,2024-02-07,8591856282400
1991,2024-02-06,8521083166400
1990,2024-02-05,8705093268000
1989,2024-02-02,8429078115600
1988,2024-02-01,8117676405200
1987,2024-01-31,8032748666000
1986,2024-01-30,7905357057200
1985,2024-01-29,8032748666000
1984,2024-01-26,8245068014000
1983,2024-01-25,8202604144400
1982,2024-01-24,7884125122400
1981,2024-01-23,8032748666000
1980,2024-01-22,8110599093600
1979,2024-01-19,7841661252800
1978,2024-01-18,7438254491600
1977,2024-01-17,7388713310400
1976,2024-01-16,7735501578800
1975,2024-01-15,7983207484800
1974,2024-01-12,7721346955600
1973,2024-01-11,7685960397600
1972,2024-01-10,7848738564400
1971,2024-01-09,7834583941200
1970,2024-01-08,7919511680400
1969,2024-01-05,7834583941200
1968,2024-01-04,7926588992000
1967,2024-01-03,8032748666000
1966,2024-01-02,8386614246000
1965,2023-12-28,8556469724400
1964,2023-12-27,8266299948800
1963,2023-12-26,8053980600800
1962,2023-12-22,7926588992000
1961,2023-12-21,7813352006400
1960,2023-12-20,7976130173200
1959,2023-12-19,7834583941200
1958,2023-12-18,7933666303600
1957,2023-12-15,8039825977600
1956,2023-12-14,8061057912400
1955,2023-12-13,7841661252800
1954,2023-12-12,7933666303600
1953,2023-12-11,7629341904800
1952,2023-12-08,7742578890400
1951,2023-12-07,7749656202000
1950,2023-12-06,7799197383200
1949,2023-12-05,8061057912400
1948,2023-12-04,8103521782000
1947,2023-12-01,7877047810800
1946,2023-11-30,7905357057200
1945,2023-11-29,7608109970000
1944,2023-11-28,7643496528000
1943,2023-11-27,7501950296000
1942,2023-11-24,7218857832000
1941,2023-11-23,7261321701600
1940,2023-11-22,7289630948000
1939,2023-11-21,7155162027600
1938,2023-11-20,7141007404400
1937,2023-11-17,6949919991200
1936,2023-11-16,7013615795600
1935,2023-11-15,7034847730400
1934,2023-11-14,6744677954800
1933,2023-11-13,6772987201200
1932,2023-11-10,6872069563600
1931,2023-11-09,6935765368000
1930,2023-11-08,6978229237600
1929,2023-11-07,7190548585600
1928,2023-11-06,7261321701600
1927,2023-11-03,6815451070800
1926,2023-11-02,6603131722800
1925,2023-11-01,6511126672000
1924,2023-10-31,6390812374800
1923,2023-10-30,6603131722800
1922,2023-10-27,6702214085200
1921,2023-10-26,6857914940400
1920,2023-10-25,7034847730400
1919,2023-10-24,6815451070800
1918,2023-10-23,6815451070800
1917,2023-10-20,6850837628800
1916,2023-10-19,6956997302800
1915,2023-10-18,7119775469600
1914,2023-10-17,7155162027600
1913,2023-10-16,7119775469600
1912,2023-10-13,7070234288400
1911,2023-10-12,7254244390000
1910,2023-10-11,7417022556800
1909,2023-10-10,7176393962400
1908,2023-10-06,7126852781200
1907,2023-10-05,7289630948000
1906,2023-10-04,7417022556800
1905,2023-09-27,7855815876000
1904,2023-09-26,8103521782000
1903,2023-09-25,8230913390800
1902,2023-09-22,8195526832800
1901,2023-09-21,8351227688000
1900,2023-09-20,8492773920000
1899,2023-09-19,8535237789600
1898,2023-09-18,8563547036000
1897,2023-09-15,8662629398400
1896,2023-09-14,8492773920000
1895,2023-09-13,8443232738800
1894,2023-09-12,8443232738800
1893,2023-09-11,8549392412800
1892,2023-09-08,8407846180800
1891,2023-09-07,8422000804000
1890,2023-09-06,8471541985200
1889,2023-09-05,8499851231600
1888,2023-09-04,8634320152000
1887,2023-09-01,8549392412800
1886,2023-08-31,8754634449200
1885,2023-08-30,8705093268000
1884,2023-08-29,8733402514400
1883,2023-08-28,8521083166400
1882,2023-08-25,7912434368800
1881,2023-08-24,8018594042800
1880,2023-08-23,8018594042800
1879,2023-08-22,7997362108000
1878,2023-08-21,7997362108000
1877,2023-08-18,8068135224000
1876,2023-08-17,7976130173200
1875,2023-08-16,8068135224000
1874,2023-08-14,8245068014000
1873,2023-08-11,8393691557600
1872,2023-08-10,8450310050400
1871,2023-08-09,8655552086800
1870,2023-08-08,8698015956400
1869,2023-08-07,8535237789600
1868,2023-08-04,8598933594000
1867,2023-08-03,8492773920000
1866,2023-08-02,8655552086800
1865,2023-08-01,8811252942000
1864,2023-07-31,8726325202800
1863,2023-07-28,8754634449200
1862,2023-07-27,8386614246000
1861,2023-07-26,8910335304400
1860,2023-07-25,9002340355200
1859,2023-07-24,8945721862400
1858,2023-07-21,8882026058000
1857,2023-07-20,8860794123200
1856,2023-07-19,8952799174000
1855,2023-07-18,8832484876800
1854,2023-07-17,9058958848000
1853,2023-07-14,9158041210400
1852,2023-07-13,9129731964000
1851,2023-07-12,9058958848000
1850,2023-07-11,8775866384000
1849,2023-07-10,8613088217200
1848,2023-07-07,8521083166400
1847,2023-07-06,8514005854800
1846,2023-07-05,8598933594000
1845,2023-07-04,8414923492400
1844,2023-07-03,8216758767600
1843,2023-06-30,8245068014000
1842,2023-06-29,8103521782000
1841,2023-06-28,8160140274800
1840,2023-06-27,8499851231600
1839,2023-06-26,8273377260400
1838,2023-06-23,8202604144400
1837,2023-06-22,8315841130000
1836,2023-06-21,8535237789600
1835,2023-06-20,8301686506800
1834,2023-06-19,8138908340000
1833,2023-06-16,8068135224000
1832,2023-06-15,7693037709200
1831,2023-06-14,7509027607600
1830,2023-06-13,7395790622000
1829,2023-06-12,7473641049600
1828,2023-06-09,7339172129200
1827,2023-06-08,7431177180000
1826,2023-06-07,7388713310400
1825,2023-06-05,7346249440800
1824,2023-06-02,6956997302800
1823,2023-06-01,6864992252000
1822,2023-05-31,6808373759200
1821,2023-05-30,6857914940400
1820,2023-05-26,6850837628800
1819,2023-05-25,6893301498400
1818,2023-05-24,6978229237600
1817,2023-05-23,6822528382400
1816,2023-05-22,6815451070800
1815,2023-05-19,6404966998000
1814,2023-05-18,6369580440000
1813,2023-05-17,6150183780400
1812,2023-05-16,6157261092000
1811,2023-05-15,6213879584800
1810,2023-05-12,6079410664400
1809,2023-05-11,6235111519600
1808,2023-05-10,6171415715200
1807,2023-05-09,6256343454400
1806,2023-05-08,5952019055600
1805,2023-05-04,5845859381600
1804,2023-05-03,5930787120800
1803,2023-05-02,5930787120800
1802,2023-04-28,6001560236800
1801,2023-04-27,5952019055600
1800,2023-04-26,6121874534000
1799,2023-04-25,6072333352800
1798,2023-04-24,6136029157200
1797,2023-04-21,6058178729600
1796,2023-04-20,6086487976000
1795,2023-04-19,6036946794800
1794,2023-04-18,5952019055600
1793,2023-04-17,5930787120800
1792,2023-04-14,5895400562800
1791,2023-04-13,5697235838000
1790,2023-04-12,5583998852400
1789,2023-04-11,5421220685600
1788,2023-04-10,5414143374000
1787,2023-04-07,5463684555200
1786,2023-04-06,5484916490000
1785,2023-04-05,5569844229200
1784,2023-04-04,5690158526400
1783,2023-04-03,5583998852400
1782,2023-03-31,5484916490000
1781,2023-03-30,5435375308800
1780,2023-03-29,5378756816000
1779,2023-03-28,5378756816000
1778,2023-03-27,5187669402800
1777,2023-03-24,5173514779600
1776,2023-03-23,5201824026000
1775,2023-03-22,5237210584000
1774,2023-03-21,5272597142000
1773,2023-03-20,5173514779600
1772,2023-03-17,5152282844800
1771,2023-03-16,5116896286800
1770,2023-03-15,5215978649200
1769,2023-03-14,5152282844800
1768,2023-03-13,5322138323200
1767,2023-03-10,5293829076800
1766,2023-03-09,5435375308800
1765,2023-03-08,5513225736400
1764,2023-03-07,5640617345200
1763,2023-03-06,5697235838000
1762,2023-03-03,5711390461200
1761,2023-03-02,5888323251200
1760,2023-02-28,5753854330800
1759,2023-02-27,5881245939600
1758,2023-02-24,6044024106400
1757,2023-02-23,6036946794800
1756,2023-02-22,6051101418000
1755,2023-02-21,6001560236800
1754,2023-02-20,5902477874400
1753,2023-02-17,6022792171600
1752,2023-02-16,6044024106400
1751,2023-02-15,6001560236800
1750,2023-02-14,5944941744000
1749,2023-02-13,5959096367200
1748,2023-02-10,5817550135200
1747,2023-02-09,5718467772800
1746,2023-02-08,5633540033600
1745,2023-02-07,5654771968400
1744,2023-02-06,5768008954000
1743,2023-02-03,5874168628000
1742,2023-02-02,5619385410400
1741,2023-02-01,5676003903200
1740,2023-01-31,5633540033600
1739,2023-01-30,5456607243600
1738,2023-01-27,5576921540800
1737,2023-01-26,5442452620400
1736,2023-01-25,5392911439200
1735,2023-01-20,5399988750800
1734,2023-01-19,5322138323200
1733,2023-01-18,5329215634800
1732,2023-01-17,5385834127600
1731,2023-01-16,5414143374000
1730,2023-01-13,5463684555200
1729,2023-01-12,5378756816000
1728,2023-01-11,5336292946400
1727,2023-01-10,5300906388400
1726,2023-01-09,5378756816000
1725,2023-01-06,5237210584000
1724,2023-01-05,5194746714400
1723,2023-01-04,5265519830400
1722,2023-01-03,4918731562000
1721,2023-01-02,5024891236000
1720,2022-12-29,5003659301200
1719,2022-12-28,5180592091200
1718,2022-12-27,5201824026000
1717,2022-12-26,5095664352000
1716,2022-12-23,5102741663600
1715,2022-12-22,5237210584000
1714,2022-12-21,5123973598400
1713,2022-12-20,5060277794000
1712,2022-12-19,5095664352000
1711,2022-12-16,5152282844800
1710,2022-12-15,5166437468000
1709,2022-12-14,5272597142000
1708,2022-12-13,5272597142000
1707,2022-12-12,5208901337600
1706,2022-12-09,5208901337600
1705,2022-12-08,5152282844800
1704,2022-12-07,5223055960800
1703,2022-12-06,5272597142000
1702,2022-12-05,5223055960800
1701,2022-12-02,5237210584000
1700,2022-12-01,5456607243600
1699,2022-11-30,5541534982800
1698,2022-11-29,5428297997200
1697,2022-11-28,5378756816000
1696,2022-11-25,5534457671200
1695,2022-11-24,5491993801600
1694,2022-11-23,5534457671200
1693,2022-11-22,5541534982800
1692,2022-11-21,5442452620400
1691,2022-11-18,5527380359600
1690,2022-11-17,5491993801600
1689,2022-11-16,5640617345200
1688,2022-11-15,5477839178400
1687,2022-11-14,5442452620400
1686,2022-11-11,5541534982800
1685,2022-11-10,5371679504400
1684,2022-11-09,5456607243600
1683,2022-11-08,5463684555200
1682,2022-11-07,5350447569600
1681,2022-11-04,5378756816000
1680,2022-11-03,5286751765200
1679,2022-11-02,5307983700000
1678,2022-11-01,5265519830400
1677,2022-10-31,5145205533200
1676,2022-10-28,5180592091200
1675,2022-10-27,5067355105600
1674,2022-10-26,4904576938800
1673,2022-10-25,4932886185200
1672,2022-10-24,5067355105600
1671,2022-10-21,5060277794000
1670,2022-10-20,5159360156400
1669,2022-10-19,5166437468000
1668,2022-10-18,5244287895600
1667,2022-10-17,5293829076800
1666,2022-10-14,5336292946400
1665,2022-10-13,5237210584000
1664,2022-10-12,5470761866800
1663,2022-10-11,5421220685600
1662,2022-10-07,5668926591600
1661,2022-10-06,5633540033600
1660,2022-10-05,5300906388400
1659,2022-10-04,5392911439200
1658,2022-09-30,5159360156400
1657,2022-09-29,5258442518800
1656,2022-09-28,5378756816000
1655,2022-09-27,5576921540800
1654,2022-09-26,5647694656800
1653,2022-09-23,5952019055600
1652,2022-09-22,6036946794800
1651,2022-09-21,5987405613600
1650,2022-09-20,5923709809200
1649,2022-09-19,5810472823600
1648,2022-09-16,5959096367200
1647,2022-09-15,6114797222400
1646,2022-09-14,6114797222400
1645,2022-09-13,6249266142800
1644,2022-09-08,6235111519600
1643,2022-09-07,6249266142800
1642,2022-09-06,6518203983600
1641,2022-09-05,6489894737200
1640,2022-09-02,6447430867600
1639,2022-09-01,6581899788000
1638,2022-08-31,6879146875200
1637,2022-08-30,6857914940400
1636,2022-08-29,6872069563600
1635,2022-08-26,6992383860800
1634,2022-08-25,7013615795600
1633,2022-08-24,6992383860800
1632,2022-08-23,6695136773600
1631,2022-08-22,6440353556000
1630,2022-08-19,6511126672000
1629,2022-08-18,6518203983600
1628,2022-08-17,6518203983600
1627,2022-08-16,6574822476400
1626,2022-08-12,6624363657600
1625,2022-08-11,6652672904000
1624,2022-08-10,6553590541600
1623,2022-08-09,6440353556000
1622,2022-08-08,6327116570400
1621,2022-08-05,6220956896400
1620,2022-08-04,6136029157200
1619,2022-08-03,6341271193600
1618,2022-08-02,6178493026800
1617,2022-08-01,6114797222400
1616,2022-07-29,5994482925200
1615,2022-07-28,5923709809200
1614,2022-07-27,5881245939600
1613,2022-07-26,5867091316400
1612,2022-07-25,5867091316400
1611,2022-07-22,5838782070000
1610,2022-07-21,5888323251200
1609,2022-07-20,5803395512000
1608,2022-07-19,5796318200400
1607,2022-07-18,5874168628000
1606,2022-07-15,5640617345200
1605,2022-07-14,5683081214800
1604,2022-07-13,5690158526400
1603,2022-07-12,5775086265600
1602,2022-07-11,5796318200400
1601,2022-07-08,5895400562800
1600,2022-07-07,5860014004800
1599,2022-07-06,5810472823600
1598,2022-07-05,6355425816800
1597,2022-07-04,6270498077600
1596,2022-07-01,6574822476400
1595,2022-06-30,6645595592400
1594,2022-06-29,6454508179200
1593,2022-06-28,6482817425600
1592,2022-06-27,6454508179200
1591,2022-06-24,6235111519600
1590,2022-06-23,6192647650000
1589,2022-06-22,6284652700800
1588,2022-06-21,6482817425600
1587,2022-06-20,6256343454400
1586,2022-06-17,6220956896400
1585,2022-06-16,6079410664400
1584,2022-06-15,6086487976000
1583,2022-06-14,6192647650000
1582,2022-06-13,6284652700800
1581,2022-06-10,6518203983600
1580,2022-06-09,6603131722800
1579,2022-06-08,6617286346000
1578,2022-06-07,6539435918400
1577,2022-06-03,6440353556000
1576,2022-06-02,6305884635600
1575,2022-05-31,6468662802400
1574,2022-05-30,6369580440000
1573,2022-05-27,6341271193600
1572,2022-05-26,6284652700800
1571,2022-05-25,6128951845600
1570,2022-05-24,6121874534000
1569,2022-05-23,6249266142800
1568,2022-05-20,6235111519600
1567,2022-05-19,6114797222400
1566,2022-05-18,6270498077600
1565,2022-05-17,6426198932800
1564,2022-05-16,6433276244400
1563,2022-05-13,6489894737200
1562,2022-05-12,6143106468800
1561,2022-05-11,6100642599200
1560,2022-05-10,6143106468800
1559,2022-05-09,6263420766000
1558,2022-05-06,6277575389200
1557,2022-05-04,6256343454400
1556,2022-05-03,6383735063200
1555,2022-05-02,6489894737200
1554,2022-04-29,6496972048800
1553,2022-04-28,6730523331600
1552,2022-04-27,6624363657600
1551,2022-04-26,6610209034400
1550,2022-04-25,6723446020000
1549,2022-04-22,6815451070800
1548,2022-04-21,6787141824400
1547,2022-04-20,6843760317200
1546,2022-04-19,6893301498400
1545,2022-04-18,6645595592400
1544,2022-04-15,6914533433200
1543,2022-04-14,6511126672000
1542,2022-04-13,6496972048800
1541,2022-04-12,6065256041200
1540,2022-04-11,5959096367200
1539,2022-04-08,5831704758400
1538,2022-04-07,5824627446800
1537,2022-04-06,6072333352800
1536,2022-04-05,6171415715200
1535,2022-04-04,6121874534000
1534,2022-04-01,6093565287600
1533,2022-03-31,6291730012400
1532,2022-03-30,6312961947200
1531,2022-03-29,6327116570400
1530,2022-03-28,6419121621200
1529,2022-03-25,6404966998000
1528,2022-03-24,6475740114000
1527,2022-03-23,6461585490800
1526,2022-03-22,6426198932800
1525,2022-03-21,6284652700800
1524,2022-03-18,6298807324000
1523,2022-03-17,6334193882000
1522,2022-03-16,6369580440000
1521,2022-03-15,6298807324000
1520,2022-03-14,6574822476400
1519,2022-03-11,6624363657600
1518,2022-03-10,6482817425600
1517,2022-03-08,6447430867600
1516,2022-03-07,6546513230000
1515,2022-03-04,6603131722800
1514,2022-03-03,6475740114000
1513,2022-03-02,6482817425600
1512,2022-02-28,6242188831200
1511,2022-02-25,6185570338400
1510,2022-02-24,6136029157200
1509,2022-02-23,6298807324000
1508,2022-02-22,5888323251200
1507,2022-02-21,5944941744000
1506,2022-02-18,5944941744000
1505,2022-02-17,5852936693200
1504,2022-02-16,5838782070000
1503,2022-02-15,5753854330800
1502,2022-02-14,5760931642400
1501,2022-02-11,5874168628000
1500,2022-02-10,5980328302000
1499,2022-02-09,6044024106400
1498,2022-02-08,5895400562800
1497,2022-02-07,5824627446800
1496,2022-02-04,5817550135200
1495,2022-02-03,5711390461200
1494,2022-01-28,5640617345200
1493,2022-01-27,5506148424800
1492,2022-01-26,5718467772800
1491,2022-01-25,5874168628000
1490,2022-01-24,6058178729600
1489,2022-01-21,6341271193600
1488,2022-01-20,6369580440000
1487,2022-01-19,6461585490800
1486,2022-01-18,6390812374800
1485,2022-01-17,6603131722800
1484,2022-01-14,6886224186800
1483,2022-01-13,6999461172400
1482,2022-01-12,7112698158000
1481,2022-01-11,7070234288400
1480,2022-01-10,7254244390000
1479,2022-01-07,7112698158000
1478,2022-01-06,7218857832000
1477,2022-01-05,6964074614400
1476,2022-01-04,6985306549200
1475,2022-01-03,6652672904000
1474,2021-12-30,6695136773600
1473,2021-12-29,6780064512800
1472,2021-12-28,6617286346000
1471,2021-12-27,6581899788000
1470,2021-12-24,6631440969200
1469,2021-12-23,6666827527200
1468,2021-12-22,6631440969200
1467,2021-12-21,6744677954800
1466,2021-12-20,6730523331600
1465,2021-12-17,7056079665200
1464,2021-12-16,6928688056400
1463,2021-12-15,6921610744800
1462,2021-12-14,6879146875200
1461,2021-12-13,6956997302800
1460,2021-12-10,6999461172400
1459,2021-12-09,6992383860800
1458,2021-12-08,6872069563600
1457,2021-12-07,6907456121600
1456,2021-12-06,6730523331600
1455,2021-12-03,6695136773600
1454,2021-12-02,6751755266400
1453,2021-12-01,6426198932800
1452,2021-11-30,6192647650000
1451,2021-11-29,6440353556000
1450,2021-11-26,6610209034400
1449,2021-11-25,6857914940400
1448,2021-11-24,6808373759200
1447,2021-11-23,6942842679600
1446,2021-11-22,6935765368000
1445,2021-11-19,6850837628800
1444,2021-11-18,6836683005600
1443,2021-11-17,6978229237600
1442,2021-11-16,7148084716000
1441,2021-11-15,7254244390000
1440,2021-11-12,7183471274000
1439,2021-11-11,7006538484000
1438,2021-11-10,7013615795600
1437,2021-11-09,7148084716000
1436,2021-11-08,7254244390000
1435,2021-11-05,7254244390000
1434,2021-11-04,7218857832000
1433,2021-11-03,7254244390000
1432,2021-11-02,7325017506000
1431,2021-11-01,7395790622000
1430,2021-10-29,7289630948000
1429,2021-10-28,7218857832000
1428,2021-10-27,7395790622000
1427,2021-10-26,7360404064000
1426,2021-10-25,7183471274000
1425,2021-10-22,6836683005600
1424,2021-10-21,6886224186800
1423,2021-10-20,6822528382400
1422,2021-10-19,6857914940400
1421,2021-10-18,6780064512800
1420,2021-10-15,6886224186800
1419,2021-10-14,6794219136000
1418,2021-10-13,6772987201200
1417,2021-10-12,6624363657600
1416,2021-10-08,6638518280800
1415,2021-10-07,6864992252000
1414,2021-10-06,6673904838800
1413,2021-10-05,6822528382400
1412,2021-10-01,6864992252000
1411,2021-09-30,7218857832000
1410,2021-09-29,7183471274000
1409,2021-09-28,7183471274000
1408,2021-09-27,7254244390000
1407,2021-09-24,7218857832000
1406,2021-09-23,7148084716000
1405,2021-09-17,7466563738000
1404,2021-09-16,8386614246000
1403,2021-09-15,8315841130000
1402,2021-09-14,8386614246000
1401,2021-09-13,8103521782000
1400,2021-09-10,8068135224000
1399,2021-09-09,7678883086000
1398,2021-09-08,8032748666000
1397,2021-09-07,8245068014000
1396,2021-09-06,8068135224000
1395,2021-09-03,8032748666000
1394,2021-09-02,8068135224000
1393,2021-09-01,8068135224000
1392,2021-08-31,8386614246000
1391,2021-08-30,8315841130000
1390,2021-08-27,8315841130000
1389,2021-08-26,8280454572000
1388,2021-08-25,8386614246000
1387,2021-08-24,8457387362000
1386,2021-08-23,8174294898000
1385,2021-08-20,7749656202000
1384,2021-08-19,7820429318000
1383,2021-08-18,8245068014000
1382,2021-08-17,8174294898000
1381,2021-08-13,8422000804000
1380,2021-08-12,8492773920000
1379,2021-08-11,8563547036000
1378,2021-08-10,8811252942000
1377,2021-08-09,8846639500000
1376,2021-08-06,9200505080000
1375,2021-08-05,9200505080000
1374,2021-08-04,9377437870000
1373,2021-08-03,9165118522000
1372,2021-08-02,9200505080000
1371,2021-07-30,9235891638000
1370,2021-07-29,9554370660000
1369,2021-07-28,9412824428000
1368,2021-07-27,9200505080000
1367,2021-07-26,9271278196000
1366,2021-07-23,9342051312000
1365,2021-07-22,9094345406000
1364,2021-07-21,9058958848000
1363,2021-07-20,8669706710000
1362,2021-07-19,8705093268000
1361,2021-07-16,8917412616000
1360,2021-07-15,9023572290000
1359,2021-07-14,9023572290000
1358,2021-07-13,9023572290000
1357,2021-07-12,8988185732000
1356,2021-07-09,8811252942000
1355,2021-07-08,8917412616000
1354,2021-07-07,9129731964000
1353,2021-07-06,9412824428000
1352,2021-07-05,9412824428000
1351,2021-07-02,9589757218000
1350,2021-07-01,9342051312000
1349,2021-06-30,9483597544000
1348,2021-06-29,9518984102000
1347,2021-06-28,9625143776000
1346,2021-06-25,9483597544000
1345,2021-06-24,9377437870000
1344,2021-06-23,9306664754000
1343,2021-06-22,9554370660000
1342,2021-06-21,9625143776000
1341,2021-06-18,9377437870000
1340,2021-06-17,9483597544000
1339,2021-06-16,9731303450000
1338,2021-06-15,9660530334000
1337,2021-06-14,9802076566000
1336,2021-06-11,9908236240000
1335,2021-06-10,9837463124000
1334,2021-06-09,9766690008000
1333,2021-06-08,9908236240000
1332,2021-06-07,10120555588000
1331,2021-06-04,10226715262000
1330,2021-06-03,10297488378000
1329,2021-06-02,10580580842000
1328,2021-06-01,10545194284000
1327,2021-05-31,10085169030000
1326,2021-05-28,10120555588000
1325,2021-05-27,10085169030000
1324,2021-05-26,10368261494000
1323,2021-05-25,10368261494000
1322,2021-05-24,10474421168000
1321,2021-05-21,10120555588000
1320,2021-05-20,10332874936000
1319,2021-05-18,10899059864000
1318,2021-05-17,10828286748000
1317,2021-05-14,10509807726000
1316,2021-05-13,10545194284000
1315,2021-05-12,10863673306000
1314,2021-05-11,11359085118000
1313,2021-05-10,11288312002000
1312,2021-05-07,10934446422000
1311,2021-05-06,10828286748000
1310,2021-05-04,10615967400000
1309,2021-05-03,10828286748000
1308,2021-04-30,10863673306000
1307,2021-04-29,10651353958000
1306,2021-04-28,10545194284000
1305,2021-04-27,10615967400000
1304,2021-04-26,10651353958000
1303,2021-04-23,9979009356000
1302,2021-04-22,9943622798000
1301,2021-04-21,9589757218000
1300,2021-04-20,9837463124000
1299,2021-04-19,9908236240000
1298,2021-04-16,9695916892000
1297,2021-04-15,9518984102000
1296,2021-04-14,9448210986000
1295,2021-04-13,9412824428000
1294,2021-04-12,9306664754000
1293,2021-04-09,9058958848000
1292,2021-04-08,9200505080000
1291,2021-04-07,9023572290000
1290,2021-04-06,9200505080000
1289,2021-04-05,9412824428000
1288,2021-04-02,9306664754000
1287,2021-04-01,9094345406000
1286,2021-03-31,9448210986000
1285,2021-03-30,9518984102000
1284,2021-03-29,9483597544000
1283,2021-03-26,9342051312000
1282,2021-03-25,8386614246000
1281,2021-03-24,8315841130000
1280,2021-03-23,8209681456000
1279,2021-03-22,8280454572000
1278,2021-03-19,8351227688000
1277,2021-03-18,8386614246000
1276,2021-03-17,8386614246000
1275,2021-03-16,8598933594000
1274,2021-03-15,8634320152000
1273,2021-03-12,8315841130000
1272,2021-03-11,8138908340000
1271,2021-03-10,8174294898000
1270,2021-03-09,8174294898000
1269,2021-03-08,7855815876000
1268,2021-03-05,7572723412000
1267,2021-03-04,7643496528000
1266,2021-03-03,7891202434000
1265,2021-03-02,7820429318000
1264,2021-02-26,7926588992000
1263,2021-02-25,8068135224000
1262,2021-02-24,7714269644000
1261,2021-02-23,7926588992000
1260,2021-02-22,7360404064000
1259,2021-02-19,7431177180000
1258,2021-02-18,7360404064000
1257,2021-02-17,7395790622000
1256,2021-02-16,7501950296000
1255,2021-02-15,7572723412000
1254,2021-02-10,7148084716000
1253,2021-02-09,7148084716000
1252,2021-02-08,7112698158000
1251,2021-02-05,6949919991200
1250,2021-02-04,6893301498400
1249,2021-02-03,6999461172400
1248,2021-02-02,7006538484000
1247,2021-02-01,7070234288400
1246,2021-01-29,6652672904000
1245,2021-01-28,6956997302800
1244,2021-01-27,7254244390000
1243,2021-01-26,7501950296000
1242,2021-01-25,7714269644000
1241,2021-01-22,7431177180000
1240,2021-01-21,7643496528000
1239,2021-01-20,7608109970000
1238,2021-01-19,7820429318000
1237,2021-01-18,7820429318000
1236,2021-01-15,8068135224000
1235,2021-01-14,8386614246000
1234,2021-01-13,8209681456000
1233,2021-01-12,8209681456000
1232,2021-01-11,8138908340000
1231,2021-01-08,8386614246000
1230,2021-01-07,8386614246000
1229,2021-01-06,8351227688000
1228,2021-01-05,8315841130000
1227,2021-01-04,7785042760000
1226,2020-12-30,7678883086000
1225,2020-12-29,7572723412000
1224,2020-12-28,7537336854000
1223,2020-12-24,7643496528000
1222,2020-12-23,7608109970000
1221,2020-12-22,7749656202000
1220,2020-12-21,7785042760000
1219,2020-12-18,7643496528000
1218,2020-12-17,7820429318000
1217,2020-12-16,7749656202000
1216,2020-12-15,7678883086000
1215,2020-12-14,7855815876000
1214,2020-12-11,7749656202000
1213,2020-12-10,7254244390000
1212,2020-12-09,7218857832000
1211,2020-12-08,7183471274000
1210,2020-12-07,7254244390000
1209,2020-12-04,7395790622000
1208,2020-12-03,7325017506000
1207,2020-12-02,7325017506000
1206,2020-12-01,7360404064000
1205,2020-11-30,7289630948000
1204,2020-11-27,7466563738000
1203,2020-11-26,7678883086000
1202,2020-11-25,7572723412000
1201,2020-11-24,7289630948000
1200,2020-11-23,7218857832000
1199,2020-11-20,6780064512800
1198,2020-11-19,6688059462000
1197,2020-11-18,7027770418800
1196,2020-11-17,7077311600000
1195,2020-11-16,6999461172400
1194,2020-11-13,6532358606800
1193,2020-11-12,6617286346000
1192,2020-11-11,6624363657600
1191,2020-11-10,6581899788000
1190,2020-11-09,6376657751600
1189,2020-11-06,5867091316400
1188,2020-11-05,5930787120800
1187,2020-11-04,5895400562800
1186,2020-11-03,5732622396000
1185,2020-11-02,5633540033600
1184,2020-10-30,5548612294400
1183,2020-10-29,5647694656800
1182,2020-10-28,5732622396000
1181,2020-10-27,5718467772800
1180,2020-10-26,5881245939600
1179,2020-10-23,5782163577200
1178,2020-10-22,5704313149600
1177,2020-10-21,5739699707600
1176,2020-10-20,5668926591600
1175,2020-10-19,5704313149600
1174,2020-10-16,5633540033600
1173,2020-10-15,5647694656800
1172,2020-10-14,5739699707600
1171,2020-10-13,5881245939600
1170,2020-10-12,5895400562800
1169,2020-10-08,5874168628000
1168,2020-10-07,5952019055600
1167,2020-10-06,5881245939600
1166,2020-10-05,5923709809200
1165,2020-09-29,5852936693200
1164,2020-09-28,5661849280000
1163,2020-09-25,5640617345200
1162,2020-09-24,5499071113200
1161,2020-09-23,5746777019200
1160,2020-09-22,5831704758400
1159,2020-09-21,6008637548400
1158,2020-09-18,6044024106400
1157,2020-09-17,6086487976000
1156,2020-09-16,6114797222400
1155,2020-09-15,6150183780400
1154,2020-09-14,6178493026800
1153,2020-09-11,6150183780400
1152,2020-09-10,6171415715200
1151,2020-09-09,6121874534000
1150,2020-09-08,6206802273200
1149,2020-09-07,6220956896400
1148,2020-09-04,6093565287600
1147,2020-09-03,6199724961600
1146,2020-09-02,6213879584800
1145,2020-09-01,6228034208000
1144,2020-08-31,6100642599200
1143,2020-08-28,6199724961600
1142,2020-08-27,6164338403600
1141,2020-08-26,6305884635600
1140,2020-08-25,6404966998000
1139,2020-08-24,6192647650000
1138,2020-08-21,6206802273200
1137,2020-08-20,6192647650000
1136,2020-08-19,6468662802400
1135,2020-08-18,6475740114000
1134,2020-08-14,6787141824400
1133,2020-08-13,6390812374800
1132,2020-08-12,6518203983600
1131,2020-08-11,6489894737200
1130,2020-08-10,6171415715200
1129,2020-08-07,6086487976000
1128,2020-08-06,6157261092000
1127,2020-08-05,6121874534000
1126,2020-08-04,6164338403600
1125,2020-08-03,6107719910800
1124,2020-07-31,6312961947200
1123,2020-07-30,6440353556000
1122,2020-07-29,6426198932800
1121,2020-07-28,6426198932800
1120,2020-07-27,6206802273200
1119,2020-07-24,6249266142800
1118,2020-07-23,6298807324000
1117,2020-07-22,6426198932800
1116,2020-07-21,6581899788000
1115,2020-07-20,6376657751600
1114,2020-07-17,6327116570400
1113,2020-07-16,6440353556000
1112,2020-07-15,6440353556000
1111,2020-07-14,6263420766000
1110,2020-07-13,6348348505200
1109,2020-07-10,5923709809200
1108,2020-07-09,6100642599200
1107,2020-07-08,6065256041200
1106,2020-07-07,6136029157200
1105,2020-07-06,6213879584800
1104,2020-07-03,6263420766000
1103,2020-07-02,6249266142800
1102,2020-07-01,6199724961600
1101,2020-06-30,6185570338400
1100,2020-06-29,6199724961600
1099,2020-06-26,6284652700800
1098,2020-06-25,6199724961600
1097,2020-06-24,6390812374800
1096,2020-06-23,6263420766000
1095,2020-06-22,6404966998000
1094,2020-06-19,6631440969200
1093,2020-06-18,6603131722800
1092,2020-06-17,6489894737200
1091,2020-06-16,6546513230000
1090,2020-06-15,6107719910800
1089,2020-06-12,6695136773600
1088,2020-06-11,7006538484000
1087,2020-06-10,7148084716000
1086,2020-06-09,7218857832000
1085,2020-06-08,7325017506000
1084,2020-06-05,7254244390000
1083,2020-06-04,7148084716000
1082,2020-06-03,7289630948000
1081,2020-06-02,6942842679600
1080,2020-06-01,6525281295200
1079,2020-05-29,6426198932800
1078,2020-05-28,6320039258800
1077,2020-05-27,6560667853200
1076,2020-05-26,6072333352800
1075,2020-05-25,5930787120800
1074,2020-05-22,5654771968400
1073,2020-05-21,5817550135200
1072,2020-05-20,5683081214800
1071,2020-05-19,5760931642400
1070,2020-05-18,5548612294400
1069,2020-05-15,5548612294400
1068,2020-05-14,5428297997200
1067,2020-05-13,5520303048000
1066,2020-05-12,5534457671200
1065,2020-05-11,5654771968400
1064,2020-05-08,5782163577200
1063,2020-05-07,5810472823600
1062,2020-05-06,5831704758400
1061,2020-05-04,5605230787200
1060,2020-04-29,5852936693200
1059,2020-04-28,5477839178400
1058,2020-04-27,5470761866800
1057,2020-04-24,5407066062400
1056,2020-04-23,5470761866800
1055,2020-04-22,5357524881200
1054,2020-04-21,5449529932000
1053,2020-04-20,5732622396000
1052,2020-04-17,5803395512000
1051,2020-04-16,5661849280000
1050,2020-04-14,5831704758400
1049,2020-04-13,5718467772800
1048,2020-04-10,6044024106400
1047,2020-04-09,5916632497600
1046,2020-04-08,5626462722000
1045,2020-04-07,5768008954000
1044,2020-04-06,5711390461200
1043,2020-04-03,5421220685600
1042,2020-04-02,5612308098800
1041,2020-04-01,5407066062400
1040,2020-03-31,5562766917600
1039,2020-03-30,5399988750800
1038,2020-03-27,5470761866800
1037,2020-03-26,5499071113200
1036,2020-03-25,5591076164000
1035,2020-03-24,5230133272400
1034,2020-03-23,4855035757600
1033,2020-03-20,5449529932000
1032,2020-03-19,4692257590800
1031,2020-03-18,5088587040400
1030,2020-03-17,5562766917600
1029,2020-03-16,5421220685600
1028,2020-03-13,5725545084400
1027,2020-03-12,6305884635600
1026,2020-03-11,6758832578000
1025,2020-03-10,6815451070800
1024,2020-03-09,6857914940400
1023,2020-03-06,7537336854000
1022,2020-03-05,7820429318000
1021,2020-03-04,7501950296000
1020,2020-03-03,7325017506000
1019,2020-03-02,7395790622000
1018,2020-02-28,7360404064000
1017,2020-02-27,7608109970000
1016,2020-02-26,7643496528000
1015,2020-02-25,7785042760000
1014,2020-02-24,7501950296000
1013,2020-02-21,7926588992000
1012,2020-02-20,8138908340000
1011,2020-02-19,8174294898000
1010,2020-02-18,8174294898000
1009,2020-02-17,8138908340000
1008,2020-02-14,8245068014000
1007,2020-02-13,8245068014000
1006,2020-02-12,8528160478000
1005,2020-02-11,8528160478000
1004,2020-02-10,8528160478000
1003,2020-02-07,8528160478000
1002,2020-02-06,8740479826000
1001,2020-02-05,7785042760000
1000,2020-02-04,8068135224000
999,2020-02-03,7997362108000
998,2020-01-31,8068135224000
997,2020-01-30,8245068014000
996,2020-01-29,8386614246000
995,2020-01-28,8422000804000
994,2020-01-23,8846639500000
993,2020-01-22,9023572290000
992,2020-01-21,8917412616000
991,2020-01-20,9094345406000
990,2020-01-17,9058958848000
989,2020-01-16,9058958848000
988,2020-01-15,9129731964000
987,2020-01-14,9129731964000
986,2020-01-13,9306664754000
985,2020-01-10,9271278196000
984,2020-01-09,9165118522000
983,2020-01-08,8775866384000
982,2020-01-07,9023572290000
981,2020-01-06,9023572290000
980,2020-01-03,9165118522000
979,2020-01-02,8882026058000
978,2019-12-30,8952799174000
977,2019-12-27,8952799174000
976,2019-12-26,8811252942000
975,2019-12-24,8882026058000
974,2019-12-23,8952799174000
973,2019-12-20,8882026058000
972,2019-12-19,8917412616000
971,2019-12-18,8775866384000
970,2019-12-17,8882026058000
969,2019-12-16,8846639500000
968,2019-12-13,8846639500000
967,2019-12-12,8705093268000
966,2019-12-11,8705093268000
965,2019-12-10,8634320152000
964,2019-12-09,8563547036000
963,2019-12-06,8598933594000
962,2019-12-05,8669706710000
961,2019-12-04,8492773920000
960,2019-12-03,8563547036000
959,2019-12-02,8598933594000
958,2019-11-29,8492773920000
957,2019-11-28,8634320152000
956,2019-11-27,8634320152000
955,2019-11-26,8598933594000
954,2019-11-25,8280454572000
953,2019-11-22,8138908340000
952,2019-11-21,8174294898000
951,2019-11-20,8209681456000
950,2019-11-19,8209681456000
949,2019-11-18,8245068014000
948,2019-11-15,8315841130000
947,2019-11-14,8174294898000
946,2019-11-13,8138908340000
945,2019-11-12,8422000804000
944,2019-11-11,8351227688000
943,2019-11-08,8528160478000
942,2019-11-07,8351227688000
941,2019-11-06,8351227688000
940,2019-11-05,8634320152000
939,2019-11-04,8598933594000
938,2019-11-01,8351227688000
937,2019-10-31,8634320152000
936,2019-10-30,8669706710000
935,2019-10-29,9058958848000
934,2019-10-28,9023572290000
933,2019-10-25,8882026058000
932,2019-10-24,8811252942000
931,2019-10-23,8811252942000
930,2019-10-22,8917412616000
929,2019-10-21,8598933594000
928,2019-10-18,8563547036000
927,2019-10-17,8705093268000
926,2019-10-16,8917412616000
925,2019-10-15,8952799174000
924,2019-10-14,9165118522000
923,2019-10-11,8988185732000
922,2019-10-10,9023572290000
921,2019-10-08,8917412616000
920,2019-10-07,8634320152000
919,2019-10-04,8669706710000
918,2019-10-02,8775866384000
917,2019-10-01,8917412616000
916,2019-09-30,8775866384000
915,2019-09-27,8669706710000
914,2019-09-26,8775866384000
913,2019-09-25,8775866384000
912,2019-09-24,8952799174000
911,2019-09-23,8811252942000
910,2019-09-20,8775866384000
909,2019-09-19,8598933594000
908,2019-09-18,8775866384000
907,2019-09-17,8846639500000
906,2019-09-16,8846639500000
905,2019-09-11,8634320152000
904,2019-09-10,8492773920000
903,2019-09-09,8492773920000
902,2019-09-06,8386614246000
901,2019-09-05,8103521782000
900,2019-09-04,7997362108000
899,2019-09-03,7785042760000
898,2019-09-02,7820429318000
897,2019-08-30,7785042760000
896,2019-08-29,7466563738000
895,2019-08-28,7360404064000
894,2019-08-27,7466563738000
893,2019-08-26,7466563738000
892,2019-08-23,7678883086000
891,2019-08-22,7608109970000
890,2019-08-21,7643496528000
889,2019-08-20,7678883086000
888,2019-08-19,7289630948000
887,2019-08-16,6772987201200
886,2019-08-14,6758832578000
885,2019-08-13,6737600643200
884,2019-08-12,6815451070800
883,2019-08-09,6843760317200
882,2019-08-08,6680982150400
881,2019-08-07,6645595592400
880,2019-08-06,6836683005600
879,2019-08-05,7020693107200
878,2019-08-02,7218857832000
877,2019-08-01,7572723412000
876,2019-07-31,7678883086000
875,2019-07-30,7501950296000
874,2019-07-29,7501950296000
873,2019-07-26,7325017506000
872,2019-07-25,7254244390000
871,2019-07-24,7678883086000
870,2019-07-23,7643496528000
869,2019-07-22,7714269644000
868,2019-07-19,7891202434000
867,2019-07-18,7785042760000
866,2019-07-17,7997362108000
865,2019-07-16,8103521782000
864,2019-07-15,8068135224000
863,2019-07-12,8138908340000
862,2019-07-11,8103521782000
861,2019-07-10,7997362108000
860,2019-07-09,7997362108000
859,2019-07-08,8209681456000
858,2019-07-05,8351227688000
857,2019-07-04,8209681456000
856,2019-07-03,8103521782000
855,2019-07-02,8351227688000
854,2019-07-01,8422000804000
853,2019-06-28,8386614246000
852,2019-06-27,8528160478000
851,2019-06-26,8457387362000
850,2019-06-25,8598933594000
849,2019-06-24,8669706710000
848,2019-06-21,8634320152000
847,2019-06-20,8563547036000
846,2019-06-19,8457387362000
845,2019-06-18,8280454572000
844,2019-06-17,8386614246000
843,2019-06-14,8669706710000
842,2019-06-13,8528160478000
841,2019-06-12,8457387362000
840,2019-06-11,8351227688000
839,2019-06-10,8280454572000
838,2019-06-07,8245068014000
837,2019-06-05,8351227688000
836,2019-06-04,8386614246000
835,2019-06-03,8174294898000
834,2019-05-31,8315841130000
833,2019-05-30,8174294898000
832,2019-05-29,7855815876000
831,2019-05-28,8068135224000
830,2019-05-27,7820429318000
829,2019-05-24,7855815876000
828,2019-05-23,7891202434000
827,2019-05-22,7714269644000
826,2019-05-21,7572723412000
825,2019-05-20,7537336854000
824,2019-05-17,7749656202000
823,2019-05-16,7714269644000
822,2019-05-15,7891202434000
821,2019-05-14,7714269644000
820,2019-05-13,7785042760000
819,2019-05-10,8174294898000
818,2019-05-09,8174294898000
817,2019-05-08,8528160478000
816,2019-05-07,8634320152000
815,2019-05-03,8952799174000
814,2019-05-02,9129731964000
813,2019-04-30,8811252942000
812,2019-04-29,8952799174000
811,2019-04-26,8705093268000
810,2019-04-25,8634320152000
809,2019-04-24,8775866384000
808,2019-04-23,8988185732000
807,2019-04-22,8492773920000
806,2019-04-19,8563547036000
805,2019-04-18,8563547036000
804,2019-04-17,8705093268000
803,2019-04-16,8740479826000
802,2019-04-15,8669706710000
801,2019-04-12,8492773920000
800,2019-04-11,8386614246000
799,2019-04-10,8457387362000
798,2019-04-09,8598933594000
797,2019-04-08,8634320152000
796,2019-04-05,8705093268000
795,2019-04-04,8528160478000
794,2019-04-03,8634320152000
793,2019-04-02,8422000804000
792,2019-04-01,8492773920000
791,2019-03-29,8422000804000
790,2019-03-28,8209681456000
789,2019-03-27,8280454572000
788,2019-03-26,8386614246000
787,2019-03-25,8245068014000
786,2019-03-22,8917412616000
785,2019-03-21,8988185732000
784,2019-03-20,9058958848000
783,2019-03-19,9165118522000
782,2019-03-18,9200505080000
781,2019-03-15,9165118522000
780,2019-03-14,8846639500000
779,2019-03-13,8775866384000
778,2019-03-12,8917412616000
777,2019-03-11,8882026058000
776,2019-03-08,8882026058000
775,2019-03-07,9235891638000
774,2019-03-06,9518984102000
773,2019-03-05,9448210986000
772,2019-03-04,9342051312000
771,2019-02-28,9306664754000
770,2019-02-27,9235891638000
769,2019-02-26,9200505080000
768,2019-02-25,9412824428000
767,2019-02-22,9448210986000
766,2019-02-21,9342051312000
765,2019-02-20,9129731964000
764,2019-02-19,9058958848000
763,2019-02-18,9094345406000
762,2019-02-15,8917412616000
761,2019-02-14,8811252942000
760,2019-02-13,8988185732000
759,2019-02-12,9235891638000
758,2019-02-11,9306664754000
757,2019-02-08,9058958848000
756,2019-02-07,9058958848000
755,2019-02-01,9058958848000
754,2019-01-31,9802076566000
753,2019-01-30,10226715262000
752,2019-01-29,10155942146000
751,2019-01-28,10085169030000
750,2019-01-25,9837463124000
749,2019-01-24,9731303450000
748,2019-01-23,9979009356000
747,2019-01-22,10085169030000
746,2019-01-21,10049782472000
745,2019-01-18,9872849682000
744,2019-01-17,9589757218000
743,2019-01-16,9660530334000
742,2019-01-15,9802076566000
741,2019-01-14,9554370660000
740,2019-01-11,9483597544000
739,2019-01-10,9554370660000
738,2019-01-09,9589757218000
737,2019-01-08,9483597544000
736,2019-01-07,9837463124000
735,2019-01-04,9802076566000
734,2019-01-03,9306664754000
733,2019-01-02,8882026058000
732,2018-12-28,9094345406000
731,2018-12-27,9165118522000
730,2018-12-26,8811252942000
729,2018-12-24,8988185732000
728,2018-12-21,8988185732000
727,2018-12-20,9058958848000
726,2018-12-19,9412824428000
725,2018-12-18,9695916892000
724,2018-12-17,9731303450000
723,2018-12-14,9908236240000
722,2018-12-13,9890655918000
721,2018-12-12,9683159640000
720,2018-12-11,9199001658000
719,2018-12-10,9371915223000
718,2018-12-07,9371915223000
717,2018-12-06,9337332510000
716,2018-12-05,9613994214000
715,2018-12-04,9579411501000
714,2018-12-03,9302749797000
713,2018-11-30,9129836232000
712,2018-11-29,9371915223000
711,2018-11-28,9441080649000
710,2018-11-27,9164418945000
709,2018-11-26,9199001658000
708,2018-11-23,9268167084000
707,2018-11-22,9371915223000
706,2018-11-21,9475663362000
705,2018-11-20,9544828788000
704,2018-11-19,9302749797000
703,2018-11-16,9302749797000
702,2018-11-15,8853174528000
701,2018-11-14,8680260963000
700,2018-11-13,9233584371000
699,2018-11-12,9199001658000
698,2018-11-09,8922339954000
697,2018-11-08,8922339954000
696,2018-11-07,8714843676000
695,2018-11-06,8853174528000
694,2018-11-05,8403599259000
693,2018-11-02,8334433833000
692,2018-11-01,8023189416000
691,2018-10-31,8611095537000
690,2018-10-30,8541930111000
689,2018-10-29,8057772129000
688,2018-10-26,8023189416000
687,2018-10-25,8161520268000
686,2018-10-24,8196102981000
685,2018-10-23,8299851120000
684,2018-10-22,8714843676000
683,2018-10-19,8714843676000
682,2018-10-18,8680260963000
681,2018-10-17,9164418945000
680,2018-10-16,9060670806000
679,2018-10-15,9129836232000
678,2018-10-12,8887757241000
677,2018-10-11,8818591815000
676,2018-10-10,9371915223000
675,2018-10-08,9233584371000
674,2018-10-05,9717742353000
673,2018-10-04,9752325066000
672,2018-10-02,9786907779000
671,2018-10-01,9441080649000
670,2018-09-28,9302749797000
669,2018-09-27,9302749797000
668,2018-09-21,8853174528000
667,2018-09-20,8991505380000
666,2018-09-19,8680260963000
665,2018-09-18,8922339954000
664,2018-09-17,9026088093000
663,2018-09-14,8956922667000
662,2018-09-13,8922339954000
661,2018-09-12,8784009102000
660,2018-09-11,8576512824000
659,2018-09-10,8645678250000
658,2018-09-07,8680260963000
657,2018-09-06,8576512824000
656,2018-09-05,8334433833000
655,2018-09-04,8196102981000
654,2018-09-03,8299851120000
653,2018-08-31,8161520268000
652,2018-08-30,8230685694000
651,2018-08-29,8299851120000
650,2018-08-28,8196102981000
649,2018-08-27,7954023990000
648,2018-08-24,7884858564000
647,2018-08-23,7954023990000
646,2018-08-22,8092354842000
645,2018-08-21,7711944999000
644,2018-08-20,7781110425000
643,2018-08-17,7124038878000
642,2018-08-16,7158621591000
641,2018-08-14,7469866008000
640,2018-08-13,7435283295000
639,2018-08-10,7642779573000
638,2018-08-09,7711944999000
637,2018-08-08,7781110425000
636,2018-08-07,7711944999000
635,2018-08-06,7677362286000
634,2018-08-03,7504448721000
633,2018-08-02,7054873452000
632,2018-08-01,7366117869000
631,2018-07-31,7366117869000
630,2018-07-30,7435283295000
629,2018-07-27,7331535156000
628,2018-07-26,7227787017000
627,2018-07-25,6819711003600
626,2018-07-24,6792044833200
625,2018-07-23,6881959887000
624,2018-07-20,6702129779400
623,2018-07-19,6598381640400
622,2018-07-18,6584548555200
621,2018-07-17,6681380151600
620,2018-07-16,6715962864600
619,2018-07-13,6598381640400
618,2018-07-12,6639880896000
617,2018-07-11,6881959887000
616,2018-07-10,7020290739000
615,2018-07-09,7020290739000
614,2018-07-06,7227787017000
613,2018-07-05,7020290739000
612,2018-07-04,6868126801800
611,2018-07-03,6916542600000
610,2018-07-02,6861210259200
609,2018-06-29,7054873452000
608,2018-06-28,7054873452000
607,2018-06-27,6909626057400
606,2018-06-26,7469866008000
605,2018-06-25,7711944999000
604,2018-06-22,7642779573000
603,2018-06-21,7366117869000
602,2018-06-20,7469866008000
601,2018-06-19,7296952443000
600,2018-06-18,7642779573000
599,2018-06-15,7954023990000
598,2018-06-14,8057772129000
597,2018-06-12,8403599259000
596,2018-06-11,8611095537000
595,2018-06-08,8403599259000
594,2018-06-07,8645678250000
593,2018-06-05,8369016546000
592,2018-06-04,8161520268000
591,2018-06-01,7988606703000
590,2018-05-31,7919441277000
589,2018-05-30,7815693138000
588,2018-05-29,7988606703000
587,2018-05-28,7988606703000
586,2018-05-25,8438181972000
585,2018-05-24,8714843676000
584,2018-05-23,8749426389000
583,2018-05-21,8853174528000
582,2018-05-18,8818591815000
581,2018-05-17,8507347398000
580,2018-05-16,8472764685000
579,2018-05-15,8576512824000
578,2018-05-14,8887757241000
577,2018-05-11,8853174528000
576,2018-05-10,8680260963000
575,2018-05-09,8611095537000
574,2018-05-08,8784009102000
573,2018-05-04,8611095537000
572,2018-05-03,8265268407000
571,2018-05-02,8299851120000
570,2018-04-30,8265268407000
569,2018-04-27,8196102981000
568,2018-04-26,8230685694000
567,2018-04-25,7781110425000
566,2018-04-24,8126937555000
565,2018-04-23,8334433833000
564,2018-04-20,8403599259000
563,2018-04-19,8334433833000
562,2018-04-18,8438181972000
561,2018-04-17,8438181972000
560,2018-04-16,8645678250000
559,2018-04-13,8922339954000
558,2018-04-12,8922339954000
557,2018-04-11,8714843676000
556,2018-04-10,8680260963000
555,2018-04-09,8749426389000
554,2018-04-06,8853174528000
553,2018-04-05,8956922667000
552,2018-04-04,8369016546000
551,2018-04-03,8714843676000
550,2018-04-02,8714843676000
549,2018-03-30,9129836232000
548,2018-03-29,9510246075000
547,2018-03-28,9925238631000
546,2018-03-27,10132734909000
545,2018-03-26,8358150335000
544,2018-03-23,8358150335000
543,2018-03-22,8443148474000
542,2018-03-21,8613144752000
541,2018-03-20,8301484909000
540,2018-03-19,8018157779000
539,2018-03-16,8074823205000
538,2018-03-15,8074823205000
537,2018-03-14,7904826927000
536,2018-03-13,8074823205000
535,2018-03-12,8244819483000
534,2018-03-09,8074823205000
533,2018-03-08,8188154057000
532,2018-03-07,7763163362000
531,2018-03-06,7876494214000
530,2018-03-05,6998180111000
529,2018-03-02,7423170806000
528,2018-02-28,7423170806000
527,2018-02-27,7309839954000
526,2018-02-26,7394838093000
525,2018-02-23,7366505380000
524,2018-02-22,7083178250000
523,2018-02-21,7253174528000
522,2018-02-20,7309839954000
521,2018-02-19,7593167084000
520,2018-02-14,7338172667000
519,2018-02-13,7083178250000
518,2018-02-12,7338172667000
517,2018-02-09,7366505380000
516,2018-02-08,7508168945000
515,2018-02-07,7224841815000
514,2018-02-06,7451503519000
513,2018-02-05,7479836232000
512,2018-02-02,7876494214000
511,2018-02-01,7933159640000
510,2018-01-31,7876494214000
509,2018-01-30,8131488631000
508,2018-01-29,8103155918000
507,2018-01-26,8046490492000
506,2018-01-25,8018157779000
505,2018-01-24,7989825066000
504,2018-01-23,7961492353000
503,2018-01-22,7706497936000
502,2018-01-19,7564834371000
501,2018-01-18,7621499797000
500,2018-01-17,7593167084000
499,2018-01-16,7706497936000
498,2018-01-15,7649832510000
497,2018-01-12,7423170806000
496,2018-01-11,7423170806000
495,2018-01-10,7253174528000
494,2018-01-09,6998180111000
493,2018-01-08,7026512824000
492,2018-01-05,6969847398000
491,2018-01-04,7054845537000
490,2018-01-03,6629854842000
489,2018-01-02,6091533295000
488,2017-12-28,5694875313000
487,2017-12-27,5490879779400
486,2017-12-26,7706497936000
485,2017-12-22,7593167084000
484,2017-12-21,7621499797000
483,2017-12-20,7763163362000
482,2017-12-19,7536501658000
481,2017-12-18,7621499797000
480,2017-12-15,7649832510000
479,2017-12-14,7508168945000
478,2017-12-13,7593167084000
477,2017-12-12,7338172667000
476,2017-12-11,7309839954000
475,2017-12-08,7168176389000
474,2017-12-07,7734830649000
473,2017-12-06,8131488631000
472,2017-12-05,8669810178000
471,2017-12-04,8358150335000
470,2017-12-01,8301484909000
469,2017-11-30,8386483048000
468,2017-11-29,8358150335000
467,2017-11-28,8329817622000
466,2017-11-27,8216486770000
465,2017-11-24,8273152196000
464,2017-11-23,8329817622000
463,2017-11-22,8329817622000
462,2017-11-21,8216486770000
461,2017-11-20,8329817622000
460,2017-11-17,8584812039000
459,2017-11-16,8414815761000
458,2017-11-15,8358150335000
457,2017-11-14,8528146613000
456,2017-11-13,8443148474000
455,2017-11-10,8924804595000
454,2017-11-09,9151466299000
453,2017-11-08,9236464438000
452,2017-11-07,9293129864000
451,2017-11-06,8924804595000
450,2017-11-03,9038135447000
449,2017-11-02,8868139169000
448,2017-11-01,8811473743000
447,2017-10-31,8868139169000
446,2017-10-30,8499813900000
445,2017-10-27,8584812039000
444,2017-10-26,8358150335000
443,2017-10-25,8386483048000
442,2017-10-24,8329817622000
441,2017-10-23,8386483048000
440,2017-10-20,8584812039000
439,2017-10-19,8613144752000
438,2017-10-18,8329817622000
437,2017-10-17,8443148474000
436,2017-10-16,8698142891000
435,2017-10-13,8613144752000
434,2017-10-12,8471481187000
433,2017-10-11,8386483048000
432,2017-10-10,8301484909000
431,2017-09-29,8216486770000
430,2017-09-28,8018157779000
429,2017-09-27,8046490492000
428,2017-09-26,8329817622000
427,2017-09-25,7876494214000
426,2017-09-22,8046490492000
425,2017-09-21,8131488631000
424,2017-09-20,8301484909000
423,2017-09-19,8414815761000
422,2017-09-18,7819828788000
421,2017-09-15,7989825066000
420,2017-09-14,7734830649000
419,2017-09-13,7734830649000
418,2017-09-12,7734830649000
417,2017-09-11,7649832510000
416,2017-09-08,7819828788000
415,2017-09-07,7819828788000
414,2017-09-06,7763163362000
413,2017-09-05,8074823205000
412,2017-09-04,8018157779000
411,2017-09-01,8103155918000
410,2017-08-31,8414815761000
409,2017-08-30,8414815761000
408,2017-08-29,8528146613000
407,2017-08-28,8584812039000
406,2017-08-25,8613144752000
405,2017-08-24,8499813900000
404,2017-08-23,8556479326000
403,2017-08-22,8499813900000
402,2017-08-21,8414815761000
401,2017-08-18,8839806456000
400,2017-08-17,9151466299000
399,2017-08-16,9179799012000
398,2017-08-14,9519791568000
397,2017-08-11,9548124281000
396,2017-08-10,9831451411000
395,2017-08-09,9661455133000
394,2017-08-08,9774785985000
393,2017-08-07,9888116837000
392,2017-08-04,9973114976000
391,2017-08-03,10086445828000
390,2017-08-02,10058113115000
389,2017-08-01,10341440245000
388,2017-07-31,9888116837000
387,2017-07-28,10199776680000
386,2017-07-27,10256442106000
385,2017-07-26,10199776680000
384,2017-07-25,9916449550000
383,2017-07-24,9859784124000
382,2017-07-21,10058113115000
381,2017-07-20,9888116837000
380,2017-07-19,9633122420000
379,2017-07-18,9548124281000
378,2017-07-17,9633122420000
377,2017-07-14,9548124281000
376,2017-07-13,9406460716000
375,2017-07-12,9293129864000
374,2017-07-11,9406460716000
373,2017-07-10,9718120559000
372,2017-07-07,9859784124000
371,2017-07-06,9746453272000
370,2017-07-05,9774785985000
369,2017-07-04,9859784124000
368,2017-07-03,9916449550000
367,2017-06-30,10001447689000
366,2017-06-29,9973114976000
365,2017-06-28,9718120559000
364,2017-06-27,9774785985000
363,2017-06-26,9831451411000
362,2017-06-23,9888116837000
361,2017-06-22,9831451411000
360,2017-06-21,9859784124000
359,2017-06-20,9888116837000
358,2017-06-19,10199776680000
357,2017-06-16,10341440245000
356,2017-06-15,10568101949000
355,2017-06-14,10568101949000
354,2017-06-13,10454771097000
353,2017-06-12,10029780402000
352,2017-06-09,10029780402000
351,2017-06-08,10001447689000
350,2017-06-07,9746453272000
349,2017-06-05,9888116837000
348,2017-06-02,9859784124000
347,2017-06-01,10114778541000
346,2017-05-31,9803118698000
345,2017-05-30,9944782263000
344,2017-05-29,10001447689000
343,2017-05-26,10143111254000
342,2017-05-25,10114778541000
341,2017-05-24,9774785985000
340,2017-05-23,9803118698000
339,2017-05-22,9491458855000
338,2017-05-19,9463126142000
337,2017-05-18,9434793429000
336,2017-05-17,9689787846000
335,2017-05-16,9576456994000
334,2017-05-15,9633122420000
333,2017-05-12,9576456994000
332,2017-05-11,9944782263000
331,2017-05-10,10228109393000
330,2017-05-08,12540000000000
329,2017-05-04,12540000000000
328,2017-05-02,12540000000000
327,2017-04-28,12540000000000
326,2017-04-27,12540000000000
325,2017-04-26,12540000000000
324,2017-04-25,12540000000000
323,2017-04-24,12540000000000
322,2017-04-21,12540000000000
321,2017-04-20,12540000000000
320,2017-04-19,12540000000000
319,2017-04-18,12540000000000
318,2017-04-17,12540000000000
317,2017-04-14,12540000000000
316,2017-04-13,12540000000000
315,2017-04-12,12540000000000
314,2017-04-11,12540000000000
313,2017-04-10,12540000000000
312,2017-04-07,12540000000000
311,2017-04-06,12540000000000
310,2017-04-05,12540000000000
309,2017-04-04,12540000000000
308,2017-04-03,12540000000000
307,2017-03-31,12540000000000
306,2017-03-30,12540000000000
305,2017-03-29,12540000000000
304,2017-03-28,12806000000000
303,2017-03-27,12996000000000
302,2017-03-24,13262000000000
301,2017-03-23,13490000000000
300,2017-03-22,13224000000000
299,2017-03-21,13376000000000
298,2017-03-20,13642000000000
297,2017-03-17,13490000000000
296,2017-03-16,13490000000000
295,2017-03-15,12654000000000
294,2017-03-14,12616000000000
293,2017-03-13,12768000000000
292,2017-03-10,12654000000000
291,2017-03-09,12692000000000
290,2017-03-08,12882000000000
289,2017-03-07,12996000000000
288,2017-03-06,12616000000000
287,2017-03-03,12730000000000
286,2017-03-02,12578000000000
285,2017-02-28,12502000000000
284,2017-02-27,11894000000000
283,2017-02-24,11818000000000
282,2017-02-23,11894000000000
281,2017-02-22,11932000000000
280,2017-02-21,11742000000000
279,2017-02-20,11286000000000
278,2017-02-17,11020000000000
277,2017-02-16,11172000000000
276,2017-02-15,11248000000000
275,2017-02-14,11172000000000
274,2017-02-13,11248000000000
273,2017-02-10,11172000000000
272,2017-02-09,11134000000000
271,2017-02-08,10982000000000
270,2017-02-07,10906000000000
269,2017-02-06,10906000000000
268,2017-02-03,10678000000000
267,2017-02-02,10678000000000
266,2017-02-01,10602000000000
265,2017-01-31,10070000000000
264,2017-01-26,10374000000000
263,2017-01-25,10260000000000
262,2017-01-24,10602000000000
261,2017-01-23,10526000000000
260,2017-01-20,10564000000000
259,2017-01-19,10640000000000
258,2017-01-18,10792000000000
257,2017-01-17,10830000000000
256,2017-01-16,10754000000000
255,2017-01-13,10792000000000
254,2017-01-12,10830000000000
253,2017-01-11,10792000000000
252,2017-01-10,10564000000000
251,2017-01-09,10564000000000
250,2017-01-06,10640000000000
249,2017-01-05,10602000000000
248,2017-01-04,10488000000000
247,2017-01-03,11020000000000
246,2017-01-02,11210000000000
245,2016-12-29,11058000000000
244,2016-12-28,11210000000000
243,2016-12-27,11020000000000
242,2016-12-26,11096000000000
241,2016-12-23,11286000000000
240,2016-12-22,11324000000000
239,2016-12-21,11514000000000
238,2016-12-20,11438000000000
237,2016-12-19,11362000000000
236,2016-12-16,11362000000000
235,2016-12-15,11552000000000
234,2016-12-14,11666000000000
233,2016-12-13,11970000000000
232,2016-12-12,11894000000000
231,2016-12-09,11590000000000
230,2016-12-08,11704000000000
229,2016-12-07,11400000000000
228,2016-12-06,11666000000000
227,2016-12-05,11438000000000
226,2016-12-02,11552000000000
225,2016-12-01,11400000000000
224,2016-11-30,10792000000000
223,2016-11-29,10868000000000
222,2016-11-28,11210000000000
221,2016-11-25,11324000000000
220,2016-11-24,11552000000000
219,2016-11-23,11818000000000
218,2016-11-22,11742000000000
217,2016-11-21,11856000000000
216,2016-11-18,11932000000000
215,2016-11-17,12008000000000
214,2016-11-16,11666000000000
213,2016-11-15,11134000000000
212,2016-11-14,11210000000000
211,2016-11-11,11020000000000
210,2016-11-10,11096000000000
209,2016-11-09,10488000000000
208,2016-11-08,11020000000000
207,2016-11-07,10906000000000
206,2016-11-04,10412000000000
205,2016-11-03,10526000000000
204,2016-11-02,10602000000000
203,2016-11-01,10640000000000
202,2016-10-31,11058000000000
201,2016-10-28,11058000000000
200,2016-10-27,11362000000000
199,2016-10-26,11248000000000
198,2016-10-25,11818000000000
197,2016-10-24,11818000000000
196,2016-10-21,11590000000000
195,2016-10-20,11552000000000
194,2016-10-19,11324000000000
193,2016-10-18,11628000000000
192,2016-10-17,11286000000000
191,2016-10-14,11172000000000
190,2016-10-13,11476000000000
189,2016-10-12,11590000000000
188,2016-10-11,11628000000000
187,2016-10-10,11514000000000
186,2016-10-07,11362000000000
185,2016-10-06,11096000000000
184,2016-10-05,10640000000000
183,2016-10-04,10640000000000
182,2016-09-30,10488000000000
181,2016-09-29,10640000000000
180,2016-09-28,10298000000000
179,2016-09-27,10564000000000
178,2016-09-26,10336000000000
177,2016-09-23,10488000000000
176,2016-09-22,10336000000000
175,2016-09-21,10108000000000
174,2016-09-20,10070000000000
173,2016-09-19,10336000000000
172,2016-09-13,10070000000000
171,2016-09-12,10146000000000
170,2016-09-09,10792000000000
169,2016-09-08,10678000000000
168,2016-09-07,10868000000000
167,2016-09-06,10792000000000
166,2016-09-05,10792000000000
165,2016-09-02,10336000000000
164,2016-09-01,10412000000000
163,2016-08-31,10450000000000
162,2016-08-30,9918000000000
161,2016-08-29,9994000000000
160,2016-08-26,9842000000000
159,2016-08-25,10260000000000
158,2016-08-24,10222000000000
157,2016-08-23,10298000000000
156,2016-08-22,10298000000000
155,2016-08-19,10564000000000
154,2016-08-18,10488000000000
153,2016-08-17,10602000000000
152,2016-08-16,10488000000000
151,2016-08-12,10602000000000
150,2016-08-11,10298000000000
149,2016-08-10,10108000000000
148,2016-08-09,10260000000000
147,2016-08-08,9956000000000
146,2016-08-05,10146000000000
145,2016-08-04,9614000000000
144,2016-08-03,9652000000000
143,2016-08-02,9652000000000
142,2016-08-01,9690000000000
141,2016-07-29,9538000000000
140,2016-07-28,9576000000000
139,2016-07-27,8740000000000
138,2016-07-26,8436000000000
137,2016-07-25,8322000000000
136,2016-07-22,8170000000000
135,2016-07-21,8170000000000
134,2016-07-20,8094000000000
133,2016-07-19,8208000000000
132,2016-07-18,8246000000000
131,2016-07-15,8208000000000
130,2016-07-14,7980000000000
129,2016-07-13,8094000000000
128,2016-07-12,7904000000000
127,2016-07-11,7676000000000
126,2016-07-08,7638000000000
125,2016-07-07,7752000000000
124,2016-07-06,7752000000000
123,2016-07-05,7980000000000
122,2016-07-04,8094000000000
121,2016-07-01,7942000000000
120,2016-06-30,8018000000000
119,2016-06-29,7980000000000
118,2016-06-28,7942000000000
117,2016-06-27,7752000000000
116,2016-06-24,7866000000000
115,2016-06-23,8322000000000
114,2016-06-22,8360000000000
113,2016-06-21,8018000000000
112,2016-06-20,8170000000000
111,2016-06-17,7904000000000
110,2016-06-16,7980000000000
109,2016-06-15,7980000000000
108,2016-06-14,8284000000000
107,2016-06-13,8284000000000
106,2016-06-10,8778000000000
105,2016-06-09,8702000000000
104,2016-06-08,8778000000000
103,2016-06-07,8626000000000
102,2016-06-03,8284000000000
101,2016-06-02,8170000000000
100,2016-06-01,8208000000000
99,2016-05-31,8322000000000
98,2016-05-30,7980000000000
97,2016-05-27,8056000000000
96,2016-05-26,8018000000000
95,2016-05-25,7600000000000
94,2016-05-24,7676000000000
93,2016-05-23,7790000000000
92,2016-05-20,7752000000000
91,2016-05-19,7676000000000
90,2016-05-18,7638000000000
89,2016-05-17,7638000000000
88,2016-05-16,7866000000000
87,2016-05-13,7752000000000
86,2016-05-12,7790000000000
85,2016-05-11,7638000000000
84,2016-05-10,7790000000000
83,2016-05-09,7714000000000
82,2016-05-04,7980000000000
81,2016-05-03,8436000000000
80,2016-05-02,8436000000000
79,2016-04-29,8816000000000
78,2016-04-28,8512000000000
77,2016-04-27,8740000000000
76,2016-04-26,8550000000000
75,2016-04-25,8284000000000
74,2016-04-22,8816000000000
73,2016-04-21,8892000000000
72,2016-04-20,8588000000000
71,2016-04-19,8740000000000
70,2016-04-18,8588000000000
69,2016-04-15,8702000000000
68,2016-04-14,8968000000000
67,2016-04-12,8626000000000
66,2016-04-11,8170000000000
65,2016-04-08,8094000000000
64,2016-04-07,7828000000000
63,2016-04-06,7531600000000
62,2016-04-05,7638000000000
61,2016-04-04,7676000000000
60,2016-04-01,7942000000000
59,2016-03-31,8094000000000
58,2016-03-30,8132000000000
57,2016-03-29,8170000000000
56,2016-03-28,8018000000000
55,2016-03-25,7828000000000
54,2016-03-24,7980000000000
53,2016-03-23,8208000000000
52,2016-03-22,8322000000000
51,2016-03-21,8132000000000
50,2016-03-18,8474000000000
49,2016-03-17,8246000000000
48,2016-03-16,8208000000000
47,2016-03-15,8740000000000
46,2016-03-14,8740000000000
45,2016-03-11,8854000000000
44,2016-03-10,9044000000000
43,2016-03-09,8930000000000
42,2016-03-08,9006000000000
41,2016-03-07,9006000000000
40,2016-03-04,8740000000000
39,2016-03-03,8360000000000
38,2016-03-02,8018000000000
37,2016-02-29,7828000000000
36,2016-02-26,8094000000000
35,2016-02-25,7980000000000
34,2016-02-24,8056000000000
33,2016-02-23,7828000000000
32,2016-02-22,7828000000000
31,2016-02-19,7980000000000
30,2016-02-18,7942000000000
29,2016-02-17,7790000000000
28,2016-02-16,7676000000000
27,2016-02-15,7714000000000
26,2016-02-12,7197200000000
25,2016-02-11,6992000000000
24,2016-02-05,7235200000000
23,2016-02-04,7037600000000
22,2016-02-03,6672800000000
21,2016-02-02,6824800000000
20,2016-02-01,7022400000000
19,2016-01-29,6992000000000
18,2016-01-28,6946400000000
17,2016-01-27,6756400000000
16,2016-01-26,6536000000000
15,2016-01-25,6657600000000
14,2016-01-22,6422000000000
13,2016-01-21,6201600000000
12,2016-01-20,6171200000000
11,2016-01-19,6460000000000
10,2016-01-18,6596800000000
9,2016-01-15,6437200000000
8,2016-01-14,6376400000000
7,2016-01-13,6437200000000
6,2016-01-12,6232000000000
5,2016-01-11,6391600000000
4,2016-01-08,6460000000000
3,2016-01-07,6399200000000
2,2016-01-06,6536000000000
1,2016-01-05,6437200000000
0,2016-01-04,6498000000000
